시도명,시군구명,정제_읍면동명
서울특별시,영등포구,여의도동
서울특별시,영등포구,당산동
서울특별시,영등포구,도림동
서울특별시,영등포구,문래동
서울특별시,영등포구,양화동
서울특별시,영등포구,신길동
서울특별시,영등포구,대림동
서울특별시,동작구,노량진동
서울특별시,동작구,상도동
서울특별시,동작구,본동
서울특별시,동작구,흑석동
서울특별시,동작구,동작동
서울특별시,동작구,사당동
서울특별시,동작구,대방동
서울특별시,동작구,신대방동
서울특별시,관악구,대방동
서울특별시,관악구,신대방동
서울특별시,관악구,노량진동
서울특별시,관악구,상도동
서울특별시,관악구,본동
서울특별시,관악구,흑석동
서울특별시,관악구,동작동
서울특별시,관악구,사당동
서울특별시,관악구,방배동
서울특별시,관악구,상도제동
서울특별시,관악구,신림동
서울특별시,관악구,
서울특별시,관악구,난곡동
서울특별시,관악구,대학동
서울특별시,관악구,봉천동
서울특별시,관악구,남현동
서울특별시,관악구,봉천본동
서울특별시,관악구,신림본동
서울특별시,서초구,개포동
서울특별시,서초구,방배동
서울특별시,서초구,양재동
서울특별시,서초구,우면동
서울특별시,서초구,원지동
서울특별시,서초구,도곡동
서울특별시,서초구,잠원동
서울특별시,서초구,반포동
서울특별시,서초구,서초동
서울특별시,서초구,내곡동
서울특별시,서초구,염곡동
서울특별시,서초구,신원동
서울특별시,서초구,역삼동
서울특별시,서초구,신사동
서울특별시,서초구,반포본동
서울특별시,서초구,방배본동
서울특별시,강남구,잠원동
서울특별시,강남구,양재동
서울특별시,강남구,원지동
서울특별시,강남구,우면동
서울특별시,강남구,염곡동
서울특별시,강남구,내곡동
서울특별시,강남구,신원동
서울특별시,강남구,방배동
서울특별시,강남구,하일동
서울특별시,강남구,상일동
서울특별시,강남구,명일동
서울특별시,강남구,고덕동
서울특별시,강남구,암사동
서울특별시,강남구,천호동
서울특별시,강남구,성내동
서울특별시,강남구,풍납동
서울특별시,강남구,길동
서울특별시,강남구,둔촌동
서울특별시,강남구,거여동
서울특별시,강남구,마천동
서울특별시,강남구,방이동
서울특별시,강남구,이동
서울특별시,강남구,오금동
서울특별시,강남구,송파동
서울특별시,강남구,석촌동
서울특별시,강남구,가락동
서울특별시,강남구,문정동
서울특별시,강남구,잠실동
서울특별시,강남구,신천동
서울특별시,강남구,삼전동
서울특별시,강남구,송금동
서울특별시,강남구,장지동
서울특별시,강남구,학동
서울특별시,강남구,역삼동
서울특별시,강남구,포이동
서울특별시,강남구,개포동
서울특별시,강남구,청담동
서울특별시,강남구,삼성동
서울특별시,강남구,대치동
서울특별시,강남구,신사동
서울특별시,강남구,논현동
서울특별시,강남구,압구정동
서울특별시,강남구,세곡동
서울특별시,강남구,자곡동
서울특별시,강남구,율현동
서울특별시,강남구,일원동
서울특별시,강남구,수서동
서울특별시,강남구,반포동
서울특별시,강남구,서초동
서울특별시,강남구,도곡동
서울특별시,송파구,잠실동
서울특별시,송파구,신천동
서울특별시,송파구,풍납동
서울특별시,송파구,송파동
서울특별시,송파구,석촌동
서울특별시,송파구,삼전동
서울특별시,송파구,가락동
서울특별시,송파구,문정동
서울특별시,송파구,장지동
서울특별시,송파구,이동
서울특별시,송파구,방이동
서울특별시,송파구,오금동
서울특별시,송파구,거여동
서울특별시,송파구,마천동
서울특별시,강동구,잠실동
서울특별시,강동구,신천동
서울특별시,강동구,풍납동
서울특별시,강동구,송파동
서울특별시,강동구,석촌동
서울특별시,강동구,삼전동
서울특별시,강동구,가락동
서울특별시,강동구,문정동
서울특별시,강동구,장지동
서울특별시,강동구,방이동
서울특별시,강동구,오금동
서울특별시,강동구,거여동
서울특별시,강동구,마천동
서울특별시,강동구,이동
서울특별시,강동구,명일동
서울특별시,강동구,고덕동
서울특별시,강동구,상일동
서울특별시,강동구,하일동
서울특별시,강동구,길동
서울특별시,강동구,둔촌동
서울특별시,강동구,암사동
서울특별시,강동구,성내동
서울특별시,강동구,천호동
서울특별시,강동구,강일동
부산광역시,중구,영주동
부산광역시,중구,대창동
부산광역시,중구,중앙동
부산광역시,중구,동광동
부산광역시,중구,대청동
부산광역시,중구,보수동
부산광역시,중구,부평동
부산광역시,중구,신창동
부산광역시,중구,창선동
부산광역시,중구,광복동
부산광역시,중구,남포동
부산광역시,서구,동대신동
부산광역시,서구,서대신동
부산광역시,서구,부용동
부산광역시,서구,부민동
부산광역시,서구,토성동
부산광역시,서구,아미동
부산광역시,서구,초장동
부산광역시,서구,충무동
부산광역시,서구,남부민동
부산광역시,서구,암남동
부산광역시,동구,초량동
부산광역시,동구,수정동
부산광역시,동구,좌천동
부산광역시,동구,범일동
부산광역시,영도구,대교동
부산광역시,영도구,대평동
부산광역시,영도구,남항동
부산광역시,영도구,영선동
부산광역시,영도구,신선동
부산광역시,영도구,봉래동
부산광역시,영도구,청학동
부산광역시,영도구,동삼동
부산광역시,부산진구,양정동
부산광역시,부산진구,전포동
부산광역시,부산진구,부전동
부산광역시,부산진구,범천동
부산광역시,부산진구,범전동
부산광역시,부산진구,연지동
부산광역시,부산진구,초읍동
부산광역시,부산진구,부암동
부산광역시,부산진구,당감동
부산광역시,부산진구,가야동
부산광역시,부산진구,개금동
부산광역시,동래구,명장동
부산광역시,동래구,안락동
부산광역시,동래구,칠산동
부산광역시,동래구,낙민동
부산광역시,동래구,복천동
부산광역시,동래구,수안동
부산광역시,동래구,명륜동
부산광역시,동래구,온천동
부산광역시,동래구,사직동
부산광역시,동래구,거제동
부산광역시,동래구,연산동
부산광역시,남구,망미동
부산광역시,남구,수영동
부산광역시,남구,민락동
부산광역시,남구,광안동
부산광역시,남구,남천동
부산광역시,남구,대연동
부산광역시,남구,용호동
부산광역시,남구,용당동
부산광역시,남구,문현동
부산광역시,남구,우암동
부산광역시,남구,감만동
부산광역시,북구,금곡동
부산광역시,북구,화명동
부산광역시,북구,만덕동
부산광역시,북구,덕천동
부산광역시,북구,구포동
부산광역시,북구,삼락동
부산광역시,북구,모라동
부산광역시,북구,덕포동
부산광역시,북구,괘법동
부산광역시,북구,감전동
부산광역시,북구,주례동
부산광역시,북구,학장동
부산광역시,북구,엄궁동
부산광역시,해운대구,반송동
부산광역시,해운대구,석대동
부산광역시,해운대구,반여동
부산광역시,해운대구,재송동
부산광역시,해운대구,우동
부산광역시,해운대구,중동
부산광역시,해운대구,좌동
부산광역시,해운대구,송정동
부산광역시,사하구,괴정동
부산광역시,사하구,당리동
부산광역시,사하구,하단동
부산광역시,사하구,신평동
부산광역시,사하구,장림동
부산광역시,사하구,다대동
부산광역시,사하구,구평동
부산광역시,사하구,감천동
부산광역시,금정구,두구동
부산광역시,금정구,노포동
부산광역시,금정구,청룡동
부산광역시,금정구,남산동
부산광역시,금정구,선동
부산광역시,금정구,오륜동
부산광역시,금정구,구서동
부산광역시,금정구,장전동
부산광역시,금정구,부곡동
부산광역시,금정구,서동
부산광역시,금정구,금사동
부산광역시,금정구,회동동
부산광역시,금정구,금성동
부산광역시,강서구,대저동
부산광역시,강서구,강동동
부산광역시,강서구,명지동
부산광역시,강서구,죽림동
부산광역시,강서구,식만동
부산광역시,강서구,죽동동
부산광역시,강서구,봉림동
부산광역시,강서구,송정동
부산광역시,강서구,화전동
부산광역시,강서구,녹산동
부산광역시,강서구,생곡동
부산광역시,강서구,구랑동
부산광역시,강서구,지사동
부산광역시,강서구,미음동
부산광역시,강서구,범방동
부산광역시,강서구,신호동
부산광역시,강서구,동선동
부산광역시,강서구,성북동
부산광역시,강서구,눌차동
부산광역시,강서구,천성동
부산광역시,강서구,대항동
부산광역시,연제구,거제동
부산광역시,연제구,연산동
부산광역시,수영구,망미동
부산광역시,수영구,수영동
부산광역시,수영구,민락동
부산광역시,수영구,광안동
부산광역시,수영구,남천동
부산광역시,사상구,삼락동
부산광역시,사상구,모라동
부산광역시,사상구,덕포동
부산광역시,사상구,괘법동
부산광역시,사상구,감전동
부산광역시,사상구,주례동
부산광역시,사상구,학장동
부산광역시,사상구,엄궁동
부산광역시,기장군,기장읍
부산광역시,기장군,장안읍
부산광역시,기장군,정관읍
부산광역시,기장군,일광읍
부산광역시,기장군,일광면
부산광역시,기장군,정관면
부산광역시,기장군,철마면
인천광역시,중구,중앙동
인천광역시,중구,해안동
인천광역시,중구,관동
인천광역시,중구,항동
인천광역시,중구,송학동
인천광역시,중구,사동
인천광역시,중구,신생동
인천광역시,중구,신포동
인천광역시,중구,답동
인천광역시,중구,신흥동
인천광역시,중구,선화동
인천광역시,중구,유동
인천광역시,중구,율목동
인천광역시,중구,도원동
인천광역시,중구,내동
인천광역시,중구,경동
인천광역시,중구,용동
인천광역시,중구,인현동
인천광역시,중구,전동
인천광역시,중구,북성동
인천광역시,중구,선린동
인천광역시,중구,송월동
인천광역시,중구,중산동
인천광역시,중구,운남동
인천광역시,중구,운서동
인천광역시,중구,운북동
인천광역시,중구,을왕동
인천광역시,중구,남북동
인천광역시,중구,덕교동
인천광역시,중구,무의동
인천광역시,동구,만석동
인천광역시,동구,화수동
인천광역시,동구,송현동
인천광역시,동구,화평동
인천광역시,동구,창영동
인천광역시,동구,금곡동
인천광역시,동구,송림동
인천광역시,남구,숭의동
인천광역시,남구,용현동
인천광역시,남구,학익동
인천광역시,남구,옥련동
인천광역시,남구,도화동
인천광역시,남구,주안동
인천광역시,남구,선학동
인천광역시,남구,관교동
인천광역시,남구,문학동
인천광역시,남구,연수동
인천광역시,남구,청학동
인천광역시,남구,동춘동
인천광역시,미추홀구,숭의동
인천광역시,미추홀구,용현동
인천광역시,미추홀구,학익동
인천광역시,미추홀구,도화동
인천광역시,미추홀구,주안동
인천광역시,미추홀구,관교동
인천광역시,미추홀구,문학동
인천광역시,연수구,옥련동
인천광역시,연수구,선학동
인천광역시,연수구,연수동
인천광역시,연수구,청학동
인천광역시,연수구,동춘동
인천광역시,연수구,송도동
인천광역시,남동구,구월동
인천광역시,남동구,간석동
인천광역시,남동구,만수동
인천광역시,남동구,장수동
인천광역시,남동구,서창동
인천광역시,남동구,운연동
인천광역시,남동구,남촌동
인천광역시,남동구,수산동
인천광역시,남동구,도림동
인천광역시,남동구,논현동
인천광역시,남동구,고잔동
인천광역시,북구,부평동
인천광역시,북구,십정동
인천광역시,북구,산곡동
인천광역시,북구,청천동
인천광역시,북구,효성동
인천광역시,북구,계산동
인천광역시,북구,작전동
인천광역시,북구,서운동
인천광역시,북구,삼산동
인천광역시,북구,갈산동
인천광역시,북구,부개동
인천광역시,북구,일신동
인천광역시,북구,구산동
인천광역시,북구,임학동
인천광역시,북구,용종동
인천광역시,북구,병방동
인천광역시,북구,방축동
인천광역시,북구,박촌동
인천광역시,북구,동양동
인천광역시,북구,귤현동
인천광역시,북구,상야동
인천광역시,북구,하야동
인천광역시,북구,평동
인천광역시,북구,노오지동
인천광역시,북구,선주지동
인천광역시,북구,이화동
인천광역시,북구,오류동
인천광역시,북구,갈현동
인천광역시,북구,둑실동
인천광역시,북구,목상동
인천광역시,북구,다남동
인천광역시,북구,장기동
인천광역시,부평구,작전동
인천광역시,부평구,효성동
인천광역시,부평구,계산동
인천광역시,부평구,서운동
인천광역시,부평구,부평동
인천광역시,부평구,십정동
인천광역시,부평구,산곡동
인천광역시,부평구,청천동
인천광역시,부평구,삼산동
인천광역시,부평구,갈산동
인천광역시,부평구,부개동
인천광역시,부평구,일신동
인천광역시,부평구,구산동
인천광역시,계양구,효성동
인천광역시,계양구,계산동
인천광역시,계양구,작전동
인천광역시,계양구,서운동
인천광역시,계양구,임학동
인천광역시,계양구,용종동
인천광역시,계양구,병방동
인천광역시,계양구,방축동
인천광역시,계양구,박촌동
인천광역시,계양구,동양동
인천광역시,계양구,귤현동
인천광역시,계양구,상야동
인천광역시,계양구,하야동
인천광역시,계양구,평동
인천광역시,계양구,노오지동
인천광역시,계양구,선주지동
인천광역시,계양구,이화동
인천광역시,계양구,오류동
인천광역시,계양구,갈현동
인천광역시,계양구,둑실동
인천광역시,계양구,목상동
인천광역시,계양구,다남동
인천광역시,계양구,장기동
인천광역시,계양구,삼산동
인천광역시,서구,백석동
인천광역시,서구,시천동
인천광역시,서구,검암동
인천광역시,서구,경서동
인천광역시,서구,공촌동
인천광역시,서구,연희동
인천광역시,서구,심곡동
인천광역시,서구,가정동
인천광역시,서구,신현동
인천광역시,서구,석남동
인천광역시,서구,원창동
인천광역시,서구,가좌동
인천광역시,서구,마전동
인천광역시,서구,당하동
인천광역시,서구,원당동
인천광역시,서구,불노동
인천광역시,서구,대곡동
인천광역시,서구,금곡동
인천광역시,서구,오류동
인천광역시,서구,왕길동
인천광역시,서구,불로동
인천광역시,서구,청라동
인천광역시,강화군,강화읍
인천광역시,강화군,선원면
인천광역시,강화군,불은면
인천광역시,강화군,길상면
인천광역시,강화군,화도면
인천광역시,강화군,양도면
인천광역시,강화군,내가면
인천광역시,강화군,하점면
인천광역시,강화군,양사면
인천광역시,강화군,송해면
인천광역시,강화군,교동면
인천광역시,강화군,삼산면
인천광역시,강화군,서도면
인천광역시,옹진군,북도면
인천광역시,옹진군,송림면
인천광역시,옹진군,백령면
인천광역시,옹진군,대청면
인천광역시,옹진군,덕적면
인천광역시,옹진군,영흥면
인천광역시,옹진군,자월면
인천광역시,옹진군,연평면
광주광역시,동구,대인동
광주광역시,동구,금남로
광주광역시,동구,충장로
광주광역시,동구,수기동
광주광역시,동구,대의동
광주광역시,동구,궁동
광주광역시,동구,장동
광주광역시,동구,동명동
광주광역시,동구,계림동
광주광역시,동구,산수동
광주광역시,동구,지산동
광주광역시,동구,남동
광주광역시,동구,광산동
광주광역시,동구,금동
광주광역시,동구,호남동
광주광역시,동구,불로동
광주광역시,동구,황금동
광주광역시,동구,서석동
광주광역시,동구,소태동
광주광역시,동구,용연동
광주광역시,동구,운림동
광주광역시,동구,학동
광주광역시,동구,월남동
광주광역시,동구,선교동
광주광역시,동구,내남동
광주광역시,동구,용산동
광주광역시,서구,사동
광주광역시,서구,구동
광주광역시,서구,서동
광주광역시,서구,양동
광주광역시,서구,월산동
광주광역시,서구,농성동
광주광역시,서구,백운동
광주광역시,서구,주월동
광주광역시,서구,노대동
광주광역시,서구,진월동
광주광역시,서구,덕남동
광주광역시,서구,행암동
광주광역시,서구,임암동
광주광역시,서구,송하동
광주광역시,서구,광천동
광주광역시,서구,유촌동
광주광역시,서구,덕흥동
광주광역시,서구,쌍촌동
광주광역시,서구,화정동
광주광역시,서구,치평동
광주광역시,서구,내방동
광주광역시,서구,양림동
광주광역시,서구,방림동
광주광역시,서구,봉선동
광주광역시,서구,서창동
광주광역시,서구,세하동
광주광역시,서구,용두동
광주광역시,서구,풍암동
광주광역시,서구,벽진동
광주광역시,서구,금호동
광주광역시,서구,마륵동
광주광역시,서구,매월동
광주광역시,서구,동천동
광주광역시,남구,사동
광주광역시,남구,구동
광주광역시,남구,서동
광주광역시,남구,월산동
광주광역시,남구,백운동
광주광역시,남구,주월동
광주광역시,남구,노대동
광주광역시,남구,진월동
광주광역시,남구,덕남동
광주광역시,남구,행암동
광주광역시,남구,임암동
광주광역시,남구,송하동
광주광역시,남구,양림동
광주광역시,남구,방림동
광주광역시,남구,봉선동
광주광역시,남구,구소동
광주광역시,남구,양촌동
광주광역시,남구,도금동
광주광역시,남구,승촌동
광주광역시,남구,지석동
광주광역시,남구,압촌동
광주광역시,남구,화장동
광주광역시,남구,칠석동
광주광역시,남구,석정동
광주광역시,남구,신장동
광주광역시,남구,양과동
광주광역시,남구,이장동
광주광역시,남구,대지동
광주광역시,남구,원산동
광주광역시,남구,월성동
광주광역시,북구,중흥동
광주광역시,북구,유동
광주광역시,북구,누문동
광주광역시,북구,북동
광주광역시,북구,임동
광주광역시,북구,신안동
광주광역시,북구,용봉동
광주광역시,북구,동림동
광주광역시,북구,운암동
광주광역시,북구,우산동
광주광역시,북구,풍향동
광주광역시,북구,문흥동
광주광역시,북구,각화동
광주광역시,북구,두암동
광주광역시,북구,오치동
광주광역시,북구,삼각동
광주광역시,북구,매곡동
광주광역시,북구,충효동
광주광역시,북구,덕의동
광주광역시,북구,금곡동
광주광역시,북구,망월동
광주광역시,북구,청풍동
광주광역시,북구,화암동
광주광역시,북구,장등동
광주광역시,북구,운정동
광주광역시,북구,본촌동
광주광역시,북구,일곡동
광주광역시,북구,양산동
광주광역시,북구,연제동
광주광역시,북구,신용동
광주광역시,북구,용두동
광주광역시,북구,지야동
광주광역시,북구,태령동
광주광역시,북구,수곡동
광주광역시,북구,효령동
광주광역시,북구,용전동
광주광역시,북구,용강동
광주광역시,북구,생용동
광주광역시,북구,월출동
광주광역시,북구,대촌동
광주광역시,북구,오룡동
광주광역시,광산구,매월동
광주광역시,광산구,송정동
광주광역시,광산구,도산동
광주광역시,광산구,도호동
광주광역시,광산구,신촌동
광주광역시,광산구,서봉동
광주광역시,광산구,운수동
광주광역시,광산구,선암동
광주광역시,광산구,소촌동
광주광역시,광산구,우산동
광주광역시,광산구,황룡동
광주광역시,광산구,박호동
광주광역시,광산구,비아동
광주광역시,광산구,도천동
광주광역시,광산구,수완동
광주광역시,광산구,월계동
광주광역시,광산구,쌍암동
광주광역시,광산구,산월동
광주광역시,광산구,신창동
광주광역시,광산구,신가동
광주광역시,광산구,운남동
광주광역시,광산구,안청동
광주광역시,광산구,진곡동
광주광역시,광산구,장덕동
광주광역시,광산구,흑석동
광주광역시,광산구,하남동
광주광역시,광산구,장수동
광주광역시,광산구,산정동
광주광역시,광산구,월곡동
광주광역시,광산구,등임동
광주광역시,광산구,산막동
광주광역시,광산구,고룡동
광주광역시,광산구,신룡동
광주광역시,광산구,두정동
광주광역시,광산구,임곡동
광주광역시,광산구,광산동
광주광역시,광산구,오산동
광주광역시,광산구,사호동
광주광역시,광산구,하산동
광주광역시,광산구,유계동
광주광역시,광산구,본덕동
광주광역시,광산구,용봉동
광주광역시,광산구,요기동
광주광역시,광산구,복룡동
광주광역시,광산구,송대동
광주광역시,광산구,옥동
광주광역시,광산구,월전동
광주광역시,광산구,장록동
광주광역시,광산구,송촌동
광주광역시,광산구,지죽동
광주광역시,광산구,용동
광주광역시,광산구,용곡동
광주광역시,광산구,지정동
광주광역시,광산구,명화동
광주광역시,광산구,동산동
광주광역시,광산구,연산동
광주광역시,광산구,도덕동
광주광역시,광산구,송산동
광주광역시,광산구,지평동
광주광역시,광산구,오운동
광주광역시,광산구,삼거동
광주광역시,광산구,양동
광주광역시,광산구,내산동
광주광역시,광산구,대산동
광주광역시,광산구,송학동
광주광역시,광산구,신동
광주광역시,광산구,삼도동
광주광역시,광산구,남산동
광주광역시,광산구,송치동
광주광역시,광산구,산수동
광주광역시,광산구,선동
광주광역시,광산구,지산동
광주광역시,광산구,왕동
광주광역시,광산구,북산동
광주광역시,광산구,명도동
광주광역시,광산구,동호동
광주광역시,광산구,덕림동
광주광역시,광산구,양산동
광주광역시,광산구,동림동
광주광역시,광산구,구소동
광주광역시,광산구,양촌동
광주광역시,광산구,도금동
광주광역시,광산구,승촌동
광주광역시,광산구,지석동
광주광역시,광산구,압촌동
광주광역시,광산구,화장동
광주광역시,광산구,칠석동
광주광역시,광산구,석정동
광주광역시,광산구,신장동
광주광역시,광산구,양과동
광주광역시,광산구,이장동
광주광역시,광산구,대지동
광주광역시,광산구,원산동
광주광역시,광산구,월성동
광주광역시,광산구,서창동
광주광역시,광산구,세하동
광주광역시,광산구,용두동
광주광역시,광산구,풍암동
광주광역시,광산구,벽진동
광주광역시,광산구,금호동
광주광역시,광산구,마륵동
광주광역시,광산구,오선동
대전광역시,동구,원동
대전광역시,동구,인동
대전광역시,동구,효동
대전광역시,동구,천동
대전광역시,동구,가오동
대전광역시,동구,신흥동
대전광역시,동구,판암동
대전광역시,동구,삼정동
대전광역시,동구,용운동
대전광역시,동구,대동
대전광역시,동구,자양동
대전광역시,동구,신안동
대전광역시,동구,소제동
대전광역시,동구,가양동
대전광역시,동구,용전동
대전광역시,동구,성남동
대전광역시,동구,홍도동
대전광역시,동구,삼성동
대전광역시,동구,정동
대전광역시,동구,중동
대전광역시,동구,추동
대전광역시,동구,비룡동
대전광역시,동구,주산동
대전광역시,동구,용계동
대전광역시,동구,마산동
대전광역시,동구,효평동
대전광역시,동구,직동
대전광역시,동구,세천동
대전광역시,동구,신상동
대전광역시,동구,신하동
대전광역시,동구,신촌동
대전광역시,동구,사성동
대전광역시,동구,내탑동
대전광역시,동구,오동
대전광역시,동구,주촌동
대전광역시,동구,낭월동
대전광역시,동구,대별동
대전광역시,동구,이사동
대전광역시,동구,대성동
대전광역시,동구,장척동
대전광역시,동구,소호동
대전광역시,동구,구도동
대전광역시,동구,삼괴동
대전광역시,동구,상소동
대전광역시,동구,하소동
대전광역시,중구,은행동
대전광역시,중구,선화동
대전광역시,중구,목동
대전광역시,중구,중촌동
대전광역시,중구,대흥동
대전광역시,중구,문창동
대전광역시,중구,석교동
대전광역시,중구,호동
대전광역시,중구,옥계동
대전광역시,중구,대사동
대전광역시,중구,부사동
대전광역시,중구,용두동
대전광역시,중구,오류동
대전광역시,중구,태평동
대전광역시,중구,유천동
대전광역시,중구,문화동
대전광역시,중구,산성동
대전광역시,중구,사정동
대전광역시,중구,안영동
대전광역시,중구,무수동
대전광역시,중구,구완동
대전광역시,중구,침산동
대전광역시,중구,목달동
대전광역시,중구,정생동
대전광역시,중구,어남동
대전광역시,중구,금동
대전광역시,서구,복수동
대전광역시,서구,변동
대전광역시,서구,도마동
대전광역시,서구,정림동
대전광역시,서구,용문동
대전광역시,서구,탄방동
대전광역시,서구,삼천동
대전광역시,서구,괴정동
대전광역시,서구,가장동
대전광역시,서구,내동
대전광역시,서구,갈마동
대전광역시,서구,둔산동
대전광역시,서구,월평동
대전광역시,서구,가수원동
대전광역시,서구,도안동
대전광역시,서구,관저동
대전광역시,서구,흑석동
대전광역시,서구,매노동
대전광역시,서구,산직동
대전광역시,서구,장안동
대전광역시,서구,평촌동
대전광역시,서구,오동
대전광역시,서구,우명동
대전광역시,서구,원정동
대전광역시,서구,용촌동
대전광역시,서구,봉곡동
대전광역시,서구,괴곡동
대전광역시,서구,만년동
대전광역시,유성구,원내동
대전광역시,유성구,교촌동
대전광역시,유성구,대정동
대전광역시,유성구,용계동
대전광역시,유성구,학하동
대전광역시,유성구,계산동
대전광역시,유성구,성북동
대전광역시,유성구,세동
대전광역시,유성구,송정동
대전광역시,유성구,방동
대전광역시,유성구,봉명동
대전광역시,유성구,구암동
대전광역시,유성구,덕명동
대전광역시,유성구,원신흥동
대전광역시,유성구,상대동
대전광역시,유성구,복용동
대전광역시,유성구,장대동
대전광역시,유성구,갑동
대전광역시,유성구,노은동
대전광역시,유성구,지족동
대전광역시,유성구,죽동
대전광역시,유성구,궁동
대전광역시,유성구,어은동
대전광역시,유성구,구성동
대전광역시,유성구,신성동
대전광역시,유성구,가정동
대전광역시,유성구,도룡동
대전광역시,유성구,장동
대전광역시,유성구,방현동
대전광역시,유성구,화암동
대전광역시,유성구,덕진동
대전광역시,유성구,하기동
대전광역시,유성구,추목동
대전광역시,유성구,자운동
대전광역시,유성구,신봉동
대전광역시,유성구,수남동
대전광역시,유성구,안산동
대전광역시,유성구,외삼동
대전광역시,유성구,반석동
대전광역시,유성구,문지동
대전광역시,유성구,전민동
대전광역시,유성구,원촌동
대전광역시,유성구,탑립동
대전광역시,유성구,용산동
대전광역시,유성구,봉산동
대전광역시,유성구,관평동
대전광역시,유성구,송강동
대전광역시,유성구,금고동
대전광역시,유성구,대동
대전광역시,유성구,금탄동
대전광역시,유성구,신동
대전광역시,유성구,둔곡동
대전광역시,유성구,구룡동
대전광역시,대덕구,오정동
대전광역시,대덕구,대화동
대전광역시,대덕구,읍내동
대전광역시,대덕구,연축동
대전광역시,대덕구,신대동
대전광역시,대덕구,와동
대전광역시,대덕구,송촌동
대전광역시,대덕구,법동
대전광역시,대덕구,중리동
대전광역시,대덕구,비래동
대전광역시,대덕구,석봉동
대전광역시,대덕구,목상동
대전광역시,대덕구,문평동
대전광역시,대덕구,신일동
대전광역시,대덕구,덕암동
대전광역시,대덕구,상서동
대전광역시,대덕구,평촌동
대전광역시,대덕구,장동
대전광역시,대덕구,용호동
대전광역시,대덕구,이현동
대전광역시,대덕구,갈전동
대전광역시,대덕구,부수동
대전광역시,대덕구,황호동
대전광역시,대덕구,삼정동
대전광역시,대덕구,미호동
대전광역시,대덕구,신탄진동
울산광역시,중구,학성동
울산광역시,중구,학산동
울산광역시,중구,복산동
울산광역시,중구,북정동
울산광역시,중구,옥교동
울산광역시,중구,성남동
울산광역시,중구,교동
울산광역시,중구,우정동
울산광역시,중구,성안동
울산광역시,중구,유곡동
울산광역시,중구,태화동
울산광역시,중구,다운동
울산광역시,중구,동동
울산광역시,중구,서동
울산광역시,중구,남외동
울산광역시,중구,장현동
울산광역시,중구,약사동
울산광역시,중구,반구동
울산광역시,남구,무거동
울산광역시,남구,옥동
울산광역시,남구,두왕동
울산광역시,남구,신정동
울산광역시,남구,달동
울산광역시,남구,삼산동
울산광역시,남구,여천동
울산광역시,남구,야음동
울산광역시,남구,선암동
울산광역시,남구,상개동
울산광역시,남구,부곡동
울산광역시,남구,고사동
울산광역시,남구,성암동
울산광역시,남구,황성동
울산광역시,남구,용연동
울산광역시,남구,남화동
울산광역시,남구,용잠동
울산광역시,남구,장생포동
울산광역시,남구,매암동
울산광역시,동구,방어동
울산광역시,동구,화정동
울산광역시,동구,일산동
울산광역시,동구,전하동
울산광역시,동구,미포동
울산광역시,동구,주전동
울산광역시,동구,동부동
울산광역시,동구,서부동
울산광역시,동구,염포동
울산광역시,북구,창평동
울산광역시,북구,호계동
울산광역시,북구,매곡동
울산광역시,북구,가대동
울산광역시,북구,신천동
울산광역시,북구,중산동
울산광역시,북구,상안동
울산광역시,북구,천곡동
울산광역시,북구,달천동
울산광역시,북구,시례동
울산광역시,북구,무룡동
울산광역시,북구,구유동
울산광역시,북구,정자동
울산광역시,북구,신명동
울산광역시,북구,대안동
울산광역시,북구,당사동
울산광역시,북구,신현동
울산광역시,북구,산하동
울산광역시,북구,어물동
울산광역시,북구,명촌동
울산광역시,북구,진장동
울산광역시,북구,연암동
울산광역시,북구,효문동
울산광역시,북구,양정동
울산광역시,북구,화봉동
울산광역시,북구,송정동
울산광역시,북구,염포동
울산광역시,울주군,온산읍
울산광역시,울주군,언양읍
울산광역시,울주군,온양읍
울산광역시,울주군,범서읍
울산광역시,울주군,청량읍
울산광역시,울주군,삼남읍
울산광역시,울주군,서생면
울산광역시,울주군,온양면
울산광역시,울주군,청량면
울산광역시,울주군,웅촌면
울산광역시,울주군,범서면
울산광역시,울주군,두동면
울산광역시,울주군,두서면
울산광역시,울주군,상북면
울산광역시,울주군,삼남면
울산광역시,울주군,삼동면
세종특별자치시,세종시,반곡동
세종특별자치시,세종시,소담동
세종특별자치시,세종시,보람동
세종특별자치시,세종시,대평동
세종특별자치시,세종시,가람동
세종특별자치시,세종시,한솔동
세종특별자치시,세종시,나성동
세종특별자치시,세종시,새롬동
세종특별자치시,세종시,다정동
세종특별자치시,세종시,어진동
세종특별자치시,세종시,종촌동
세종특별자치시,세종시,고운동
세종특별자치시,세종시,아름동
세종특별자치시,세종시,도담동
세종특별자치시,세종시,산울동
세종특별자치시,세종시,해밀동
세종특별자치시,세종시,합강동
세종특별자치시,세종시,집현동
세종특별자치시,세종시,세종동
세종특별자치시,세종시,누리동
세종특별자치시,세종시,한별동
세종특별자치시,세종시,다솜동
세종특별자치시,세종시,용호동
세종특별자치시,세종시,조치원읍
세종특별자치시,세종시,연기면
세종특별자치시,세종시,연동면
세종특별자치시,세종시,부강면
세종특별자치시,세종시,금남면
세종특별자치시,세종시,장군면
세종특별자치시,세종시,연서면
세종특별자치시,세종시,전의면
세종특별자치시,세종시,전동면
세종특별자치시,세종시,소정면
경기도,부천군,소사읍
경기도,부천군,소래면
경기도,부천군,오정면
경기도,부천군,계양면
경기도,부천군,영종면
경기도,부천군,북도면
경기도,부천군,용유면
경기도,부천군,덕적면
경기도,부천군,영흥면
경기도,부천군,대부면
경기도,수원시,반정동
경기도,수원시,팔달로
경기도,수원시,남창동
경기도,수원시,영동
경기도,수원시,중동
경기도,수원시,구천동
경기도,수원시,남수동
경기도,수원시,매향동
경기도,수원시,북수동
경기도,수원시,장안동
경기도,수원시,신풍동
경기도,수원시,매교동
경기도,수원시,교동
경기도,수원시,세류동
경기도,수원시,평동
경기도,수원시,고색동
경기도,수원시,오목천동
경기도,수원시,평리동
경기도,수원시,서둔동
경기도,수원시,구운동
경기도,수원시,탑동
경기도,수원시,매산로
경기도,수원시,고등동
경기도,수원시,화서동
경기도,수원시,파장동
경기도,수원시,이목동
경기도,수원시,율전동
경기도,수원시,천천동
경기도,수원시,정자동
경기도,수원시,영화동
경기도,수원시,조원동
경기도,수원시,송죽동
경기도,수원시,연무동
경기도,수원시,상광교동
경기도,수원시,하광교동
경기도,수원시,지동
경기도,수원시,우만동
경기도,수원시,인계동
경기도,수원시,매탄동
경기도,수원시,원천동
경기도,수원시,장지동
경기도,수원시,대황교동
경기도,수원시,곡반정동
경기도,수원시,권선동
경기도,수원시,이의동
경기도,수원시,하동
경기도,수원시,금곡동
경기도,수원시,호매실동
경기도,수원시,팔달동
경기도,수원시,남향동
경기도,수원시,신안동
경기도,수원시,매산동
경기도,수원시,송원동
경기도,수원시,지만동
경기도,수원시,곡선동
경기도,성남시,신흥동
경기도,성남시,태평동
경기도,성남시,수진동
경기도,성남시,성남동
경기도,성남시,중동
경기도,성남시,단대동
경기도,성남시,은행동
경기도,성남시,상대원동
경기도,성남시,복정동
경기도,성남시,창곡동
경기도,성남시,여수동
경기도,성남시,도촌동
경기도,성남시,갈현동
경기도,성남시,하대원동
경기도,성남시,이매동
경기도,성남시,서현동
경기도,성남시,야탑동
경기도,성남시,분당동
경기도,성남시,정자동
경기도,성남시,수내동
경기도,성남시,율동
경기도,성남시,신촌동
경기도,성남시,오야동
경기도,성남시,심곡동
경기도,성남시,고등동
경기도,성남시,상적동
경기도,성남시,둔전동
경기도,성남시,시흥동
경기도,성남시,금토동
경기도,성남시,사송동
경기도,성남시,판교동
경기도,성남시,삼평동
경기도,성남시,백현동
경기도,성남시,금곡동
경기도,성남시,궁내동
경기도,성남시,구미동
경기도,성남시,동원동
경기도,성남시,운중동
경기도,성남시,대장동
경기도,성남시,석운동
경기도,성남시,하산운동
경기도,의정부시,의정부리
경기도,의정부시,호원리
경기도,의정부시,장암리
경기도,의정부시,신곡리
경기도,의정부시,용현리
경기도,의정부시,민락리
경기도,의정부시,낙양리
경기도,의정부시,자일리
경기도,의정부시,금오리
경기도,의정부시,가능리
경기도,의정부시,녹양리
경기도,의정부시,의정부동
경기도,의정부시,호원동
경기도,의정부시,장암동
경기도,의정부시,신곡동
경기도,의정부시,용현동
경기도,의정부시,민락동
경기도,의정부시,낙양동
경기도,의정부시,자일동
경기도,의정부시,금오동
경기도,의정부시,가능동
경기도,의정부시,녹양동
경기도,의정부시,고산동
경기도,의정부시,산곡동
경기도,의정부시,장곡동
경기도,의정부시,송산동
경기도,의정부시,자금동
경기도,안양시,안양동
경기도,안양시,비산동
경기도,안양시,관양동
경기도,안양시,평촌동
경기도,안양시,호계동
경기도,안양시,석수동
경기도,안양시,박달동
경기도,안양시만안구,안양동
경기도,안양시만안구,석수동
경기도,안양시만안구,박달동
경기도,안양시동안구,비산동
경기도,안양시동안구,관양동
경기도,안양시동안구,평촌동
경기도,안양시동안구,호계동
경기도,안양시동안구,안양동
경기도,부천시,심곡동
경기도,부천시,소사동
경기도,부천시,범박동
경기도,부천시,옥길동
경기도,부천시,계수동
경기도,부천시,역곡동
경기도,부천시,괴안동
경기도,부천시,원미동
경기도,부천시,춘의동
경기도,부천시,여월동
경기도,부천시,작동
경기도,부천시,원종동
경기도,부천시,고강동
경기도,부천시,오정동
경기도,부천시,대장동
경기도,부천시,도당동
경기도,부천시,약대동
경기도,부천시,내동
경기도,부천시,삼정동
경기도,부천시,중동
경기도,부천시,송내동
경기도,부천시,상동
경기도,부천시,소사본동
경기도,부천시,심곡본동
경기도,광명시,광명동
경기도,광명시,철산동
경기도,광명시,하안동
경기도,광명시,소하동
경기도,광명시,노온사동
경기도,광명시,일직동
경기도,광명시,가학동
경기도,광명시,옥길동
경기도,광명시,학온동
경기도,평택시,서정동
경기도,평택시,장당동
경기도,평택시,모곡동
경기도,평택시,칠괴동
경기도,평택시,칠원동
경기도,평택시,도일동
경기도,평택시,가재동
경기도,평택시,장안동
경기도,평택시,이충동
경기도,평택시,지산동
경기도,평택시,독곡동
경기도,평택시,신장동
경기도,평택시,평택동
경기도,평택시,통복동
경기도,평택시,군문동
경기도,평택시,유천동
경기도,평택시,합정동
경기도,평택시,비전동
경기도,평택시,동삭동
경기도,평택시,세교동
경기도,평택시,지제동
경기도,평택시,신대동
경기도,평택시,소사동
경기도,평택시,용이동
경기도,평택시,월곡동
경기도,평택시,청룡동
경기도,평택시,죽백동
경기도,평택시,고덕동
경기도,평택시,팽성읍
경기도,평택시,안중읍
경기도,평택시,포승읍
경기도,평택시,청북읍
경기도,평택시,진위면
경기도,평택시,서탄면
경기도,평택시,고덕면
경기도,평택시,오성면
경기도,평택시,청북면
경기도,평택시,포승면
경기도,평택시,현덕면
경기도,평택시,안중면
경기도,송탄시,서정동
경기도,송탄시,장당동
경기도,송탄시,모곡동
경기도,송탄시,칠괴동
경기도,송탄시,칠원동
경기도,송탄시,도일동
경기도,송탄시,가재동
경기도,송탄시,장안동
경기도,송탄시,이충동
경기도,송탄시,지산동
경기도,송탄시,독곡동
경기도,송탄시,신장동
경기도,송탄시,중앙동
경기도,송탄시,동부동
경기도,송탄시,도원동
경기도,송탄시,송북동
경기도,동두천시,송내동
경기도,동두천시,지행동
경기도,동두천시,생연동
경기도,동두천시,광암동
경기도,동두천시,걸산동
경기도,동두천시,보산동
경기도,동두천시,동두천동
경기도,동두천시,안흥동
경기도,동두천시,상봉암동
경기도,동두천시,하봉암동
경기도,동두천시,탑동동
경기도,동두천시,상패동
경기도,동두천시,내행동
경기도,동두천시,동안동
경기도,동두천시,소요동
경기도,안산시,일동
경기도,안산시,이동
경기도,안산시,사동
경기도,안산시,본오동
경기도,안산시,팔곡이동
경기도,안산시,양상동
경기도,안산시,부곡동
경기도,안산시,성포동
경기도,안산시,월피동
경기도,안산시,고잔동
경기도,안산시,와동
경기도,안산시,신길동
경기도,안산시,성곡동
경기도,안산시,목내동
경기도,안산시,원시동
경기도,안산시,초지동
경기도,안산시,원곡동
경기도,안산시,선부동
경기도,안산시,팔곡일동
경기도,안산시,건건동
경기도,안산시,사사동
경기도,안산시,동동
경기도,안산시,북동
경기도,안산시,남동
경기도,안산시,선감동
경기도,안산시,풍도동
경기도,안산시,수암동
경기도,안산시,장상동
경기도,안산시,장하동
경기도,안산시,화정동
경기도,안산시,대부동동
경기도,안산시,대부북동
경기도,안산시,대부남동
경기도,안산시,반월동
경기도,안산시,중앙동
경기도,안산시,군자동
경기도,안산시,원초동
경기도,고양시,주교동
경기도,고양시,식사동
경기도,고양시,원당동
경기도,고양시,신원동
경기도,고양시,원흥동
경기도,고양시,도내동
경기도,고양시,성사동
경기도,고양시,북한동
경기도,고양시,효자동
경기도,고양시,지축동
경기도,고양시,오금동
경기도,고양시,삼송동
경기도,고양시,동산동
경기도,고양시,용두동
경기도,고양시,일산동
경기도,고양시,주엽동
경기도,고양시,장항동
경기도,고양시,마두동
경기도,고양시,백석동
경기도,고양시,풍동
경기도,고양시,산황동
경기도,고양시,탄현동
경기도,고양시,벽제동
경기도,고양시,선유동
경기도,고양시,고양동
경기도,고양시,대자동
경기도,고양시,관산동
경기도,고양시,내유동
경기도,고양시,사리현동
경기도,고양시,지영동
경기도,고양시,설문동
경기도,고양시,문봉동
경기도,고양시,성석동
경기도,고양시,토당동
경기도,고양시,내곡동
경기도,고양시,대장동
경기도,고양시,화정동
경기도,고양시,강매동
경기도,고양시,행주내동
경기도,고양시,행주외동
경기도,고양시,신평동
경기도,고양시,행신동
경기도,고양시,화전동
경기도,고양시,현천동
경기도,고양시,덕은동
경기도,고양시,향동동
경기도,고양시,대화동
경기도,고양시,덕이동
경기도,고양시,가좌동
경기도,고양시,구산동
경기도,고양시,법곳동
경기도,과천시,관문동
경기도,과천시,문원동
경기도,과천시,갈현동
경기도,과천시,막계동
경기도,과천시,과천동
경기도,과천시,주암동
경기도,과천시,중앙동
경기도,과천시,원문동
경기도,과천시,별양동
경기도,과천시,부림동
경기도,구리시,갈매동
경기도,구리시,사노동
경기도,구리시,인창동
경기도,구리시,교문동
경기도,구리시,수택동
경기도,구리시,아천동
경기도,구리시,토평동
경기도,구리시,동구동
경기도,구리시,수평동
경기도,평택시,신평동
경기도,평택시,서부동
경기도,미금시,호평동
경기도,미금시,평내동
경기도,미금시,금곡동
경기도,미금시,일패동
경기도,미금시,이패동
경기도,미금시,삼패동
경기도,미금시,가운동
경기도,미금시,수석동
경기도,미금시,지금동
경기도,미금시,도농동
경기도,미금시,양정동
경기도,남양주시,호평동
경기도,남양주시,평내동
경기도,남양주시,금곡동
경기도,남양주시,일패동
경기도,남양주시,이패동
경기도,남양주시,삼패동
경기도,남양주시,가운동
경기도,남양주시,수석동
경기도,남양주시,지금동
경기도,남양주시,도농동
경기도,남양주시,별내동
경기도,남양주시,다산동
경기도,남양주시,와부읍
경기도,남양주시,진접읍
경기도,남양주시,화도읍
경기도,남양주시,진건읍
경기도,남양주시,오남읍
경기도,남양주시,퇴계원읍
경기도,남양주시,별내면
경기도,남양주시,진건면
경기도,남양주시,수동면
경기도,남양주시,조안면
경기도,남양주시,퇴계원면
경기도,남양주시,오남면
경기도,오산시,오산동
경기도,오산시,부산동
경기도,오산시,원동
경기도,오산시,궐동
경기도,오산시,청학동
경기도,오산시,가장동
경기도,오산시,금암동
경기도,오산시,수청동
경기도,오산시,은계동
경기도,오산시,내삼미동
경기도,오산시,외삼미동
경기도,오산시,양산동
경기도,오산시,세교동
경기도,오산시,지곶동
경기도,오산시,서랑동
경기도,오산시,서동
경기도,오산시,벌음동
경기도,오산시,두곡동
경기도,오산시,탑동
경기도,오산시,누읍동
경기도,오산시,가수동
경기도,오산시,고현동
경기도,오산시,청호동
경기도,오산시,갈곶동
경기도,오산시,중앙동
경기도,오산시,역촌동
경기도,오산시,남촌동
경기도,오산시,신장동
경기도,오산시,세마동
경기도,오산시,초평동
경기도,시흥시,대야동
경기도,시흥시,신천동
경기도,시흥시,방산동
경기도,시흥시,포동
경기도,시흥시,미산동
경기도,시흥시,은행동
경기도,시흥시,안현동
경기도,시흥시,매화동
경기도,시흥시,도창동
경기도,시흥시,금이동
경기도,시흥시,무지동
경기도,시흥시,과림동
경기도,시흥시,계수동
경기도,시흥시,수암동
경기도,시흥시,장상동
경기도,시흥시,장하동
경기도,시흥시,화정동
경기도,시흥시,능곡동
경기도,시흥시,하중동
경기도,시흥시,하상동
경기도,시흥시,광석동
경기도,시흥시,물왕동
경기도,시흥시,산현동
경기도,시흥시,조남동
경기도,시흥시,논곡동
경기도,시흥시,목감동
경기도,시흥시,거모동
경기도,시흥시,군자동
경기도,시흥시,장현동
경기도,시흥시,장곡동
경기도,시흥시,월곶동
경기도,시흥시,정왕동
경기도,시흥시,죽율동
경기도,시흥시,무지내동
경기도,시흥시,배곧동
경기도,시흥시,신관동
경기도,시흥시,안산동
경기도,군포시,당동
경기도,군포시,당정동
경기도,군포시,부곡동
경기도,군포시,산본동
경기도,군포시,금정동
경기도,군포시,둔대동
경기도,군포시,속달동
경기도,군포시,대야미동
경기도,군포시,도마교동
경기도,군포시,군포동
경기도,의왕시,고천동
경기도,의왕시,이동
경기도,의왕시,삼동
경기도,의왕시,왕곡동
경기도,의왕시,오전동
경기도,의왕시,학의동
경기도,의왕시,내손동
경기도,의왕시,청계동
경기도,의왕시,포일동
경기도,의왕시,월암동
경기도,의왕시,초평동
경기도,의왕시,부곡동
경기도,하남시,천현동
경기도,하남시,하산곡동
경기도,하남시,창우동
경기도,하남시,배알미동
경기도,하남시,상산곡동
경기도,하남시,신장동
경기도,하남시,당정동
경기도,하남시,덕풍동
경기도,하남시,망월동
경기도,하남시,풍산동
경기도,하남시,미사동
경기도,하남시,선동
경기도,하남시,감북동
경기도,하남시,감일동
경기도,하남시,감이동
경기도,하남시,학암동
경기도,하남시,교산동
경기도,하남시,춘궁동
경기도,하남시,하사창동
경기도,하남시,상사창동
경기도,하남시,항동
경기도,하남시,초일동
경기도,하남시,초이동
경기도,하남시,광암동
경기도,용인시,김량장동
경기도,용인시,역북동
경기도,용인시,삼가동
경기도,용인시,남동
경기도,용인시,유방동
경기도,용인시,고림동
경기도,용인시,마평동
경기도,용인시,운학동
경기도,용인시,호동
경기도,용인시,해곡동
경기도,용인시,풍덕천동
경기도,용인시,죽전동
경기도,용인시,동천동
경기도,용인시,고기동
경기도,용인시,신봉동
경기도,용인시,성복동
경기도,용인시,상현동
경기도,용인시,기흥읍
경기도,용인시,수지읍
경기도,용인시,구성읍
경기도,용인시,포곡면
경기도,용인시,모현면
경기도,용인시,구성면
경기도,용인시,남사면
경기도,용인시,이동면
경기도,용인시,원삼면
경기도,용인시,백암면
경기도,용인시,양지면
경기도,파주시,금촌동
경기도,파주시,아동동
경기도,파주시,금능동
경기도,파주시,야동동
경기도,파주시,검산동
경기도,파주시,맥금동
경기도,파주시,교하동
경기도,파주시,야당동
경기도,파주시,다율동
경기도,파주시,오도동
경기도,파주시,상지석동
경기도,파주시,산남동
경기도,파주시,동패동
경기도,파주시,당하동
경기도,파주시,문발동
경기도,파주시,송촌동
경기도,파주시,목동동
경기도,파주시,하지석동
경기도,파주시,서패동
경기도,파주시,신촌동
경기도,파주시,연다산동
경기도,파주시,와동동
경기도,파주시,금릉동
경기도,파주시,문산읍
경기도,파주시,파주읍
경기도,파주시,법원읍
경기도,파주시,교하읍
경기도,파주시,조리읍
경기도,파주시,월롱면
경기도,파주시,탄현면
경기도,파주시,교하면
경기도,파주시,조리면
경기도,파주시,광탄면
경기도,파주시,파평면
경기도,파주시,적성면
경기도,파주시,군내면
경기도,파주시,장단면
경기도,파주시,진동면
경기도,파주시,진서면
경기도,이천시,창전동
경기도,이천시,관고동
경기도,이천시,중리동
경기도,이천시,증일동
경기도,이천시,율현동
경기도,이천시,진리동
경기도,이천시,안흥동
경기도,이천시,갈산동
경기도,이천시,증포동
경기도,이천시,송정동
경기도,이천시,사음동
경기도,이천시,단월동
경기도,이천시,대포동
경기도,이천시,고담동
경기도,이천시,장록동
경기도,이천시,장호원읍
경기도,이천시,부발읍
경기도,이천시,신둔면
경기도,이천시,백사면
경기도,이천시,호법면
경기도,이천시,마장면
경기도,이천시,대월면
경기도,이천시,모가면
경기도,이천시,설성면
경기도,이천시,율면
경기도,안성시,봉산동
경기도,안성시,숭인동
경기도,안성시,영동
경기도,안성시,봉남동
경기도,안성시,구포동
경기도,안성시,동본동
경기도,안성시,명륜동
경기도,안성시,옥천동
경기도,안성시,낙원동
경기도,안성시,창전동
경기도,안성시,성남동
경기도,안성시,신흥동
경기도,안성시,인지동
경기도,안성시,금산동
경기도,안성시,연지동
경기도,안성시,대천동
경기도,안성시,서인동
경기도,안성시,석정동
경기도,안성시,아양동
경기도,안성시,금석동
경기도,안성시,계동
경기도,안성시,옥산동
경기도,안성시,사곡동
경기도,안성시,도기동
경기도,안성시,당왕동
경기도,안성시,가사동
경기도,안성시,가현동
경기도,안성시,신건지동
경기도,안성시,신소현동
경기도,안성시,신모산동
경기도,안성시,현수동
경기도,안성시,발화동
경기도,안성시,중리동
경기도,안성시,공도읍
경기도,안성시,보개면
경기도,안성시,금광면
경기도,안성시,서운면
경기도,안성시,미양면
경기도,안성시,대덕면
경기도,안성시,양성면
경기도,안성시,공도면
경기도,안성시,원곡면
경기도,안성시,일죽면
경기도,안성시,죽산면
경기도,안성시,삼죽면
경기도,안성시,고삼면
경기도,김포시,북변동
경기도,김포시,걸포동
경기도,김포시,운양동
경기도,김포시,장기동
경기도,김포시,감정동
경기도,김포시,사우동
경기도,김포시,풍무동
경기도,김포시,마산동
경기도,김포시,구래동
경기도,김포시,통진읍
경기도,김포시,고촌읍
경기도,김포시,양촌읍
경기도,김포시,고촌면
경기도,김포시,양촌면
경기도,김포시,통진면
경기도,김포시,대곶면
경기도,김포시,월곶면
경기도,김포시,하성면
경기도,화성시,남양동
경기도,화성시,신남동
경기도,화성시,장덕동
경기도,화성시,안석동
경기도,화성시,활초동
경기도,화성시,온석동
경기도,화성시,무송동
경기도,화성시,북양동
경기도,화성시,송림동
경기도,화성시,수화동
경기도,화성시,장전동
경기도,화성시,신외동
경기도,화성시,문호동
경기도,화성시,시동
경기도,화성시,원천동
경기도,화성시,진안동
경기도,화성시,병점동
경기도,화성시,능동
경기도,화성시,기산동
경기도,화성시,반월동
경기도,화성시,반정동
경기도,화성시,황계동
경기도,화성시,배양동
경기도,화성시,기안동
경기도,화성시,송산동
경기도,화성시,안녕동
경기도,화성시,반송동
경기도,화성시,석우동
경기도,화성시,오산동
경기도,화성시,청계동
경기도,화성시,영천동
경기도,화성시,중동
경기도,화성시,신동
경기도,화성시,목동
경기도,화성시,산척동
경기도,화성시,장지동
경기도,화성시,송동
경기도,화성시,방교동
경기도,화성시,금곡동
경기도,화성시,새솔동
경기도,화성시,태안읍
경기도,화성시,봉담읍
경기도,화성시,우정읍
경기도,화성시,향남읍
경기도,화성시,남양읍
경기도,화성시,매송면
경기도,화성시,비봉면
경기도,화성시,마도면
경기도,화성시,송산면
경기도,화성시,서신면
경기도,화성시,팔탄면
경기도,화성시,장안면
경기도,화성시,우정면
경기도,화성시,향남면
경기도,화성시,양감면
경기도,화성시,정남면
경기도,화성시,동탄면
경기도,광주시,경안동
경기도,광주시,쌍령동
경기도,광주시,송정동
경기도,광주시,회덕동
경기도,광주시,탄벌동
경기도,광주시,목현동
경기도,광주시,삼동
경기도,광주시,중대동
경기도,광주시,직동
경기도,광주시,태전동
경기도,광주시,장지동
경기도,광주시,역동
경기도,광주시,목동
경기도,광주시,고산동
경기도,광주시,신현동
경기도,광주시,능평동
경기도,광주시,문형동
경기도,광주시,추자동
경기도,광주시,매산동
경기도,광주시,양벌동
경기도,광주시,오포읍
경기도,광주시,초월읍
경기도,광주시,실촌읍
경기도,광주시,곤지암읍
경기도,광주시,초월면
경기도,광주시,실촌면
경기도,광주시,도척면
경기도,광주시,퇴촌면
경기도,광주시,남종면
경기도,광주시,중부면
경기도,광주시,남한산성면
경기도,양주시,유양동
경기도,양주시,어둔동
경기도,양주시,남방동
경기도,양주시,마전동
경기도,양주시,산북동
경기도,양주시,광사동
경기도,양주시,만송동
경기도,양주시,삼숭동
경기도,양주시,고읍동
경기도,양주시,덕정동
경기도,양주시,봉양동
경기도,양주시,회암동
경기도,양주시,율정동
경기도,양주시,옥정동
경기도,양주시,고암동
경기도,양주시,덕계동
경기도,양주시,회정동
경기도,양주시,백석읍
경기도,양주시,은현면
경기도,양주시,남면
경기도,양주시,광적면
경기도,양주시,장흥면
경기도,포천시,신읍동
경기도,포천시,어룡동
경기도,포천시,자작동
경기도,포천시,선단동
경기도,포천시,설운동
경기도,포천시,동교동
경기도,포천시,소흘읍
경기도,포천시,군내면
경기도,포천시,내촌면
경기도,포천시,가산면
경기도,포천시,신북면
경기도,포천시,창수면
경기도,포천시,영중면
경기도,포천시,일동면
경기도,포천시,이동면
경기도,포천시,영북면
경기도,포천시,관인면
경기도,포천시,화현면
경기도,여주시,상동
경기도,여주시,홍문동
경기도,여주시,창동
경기도,여주시,우만동
경기도,여주시,단현동
경기도,여주시,신진동
경기도,여주시,하동
경기도,여주시,교동
경기도,여주시,월송동
경기도,여주시,가업동
경기도,여주시,연라동
경기도,여주시,상거동
경기도,여주시,하거동
경기도,여주시,삼교동
경기도,여주시,점봉동
경기도,여주시,능현동
경기도,여주시,멱곡동
경기도,여주시,연양동
경기도,여주시,매룡동
경기도,여주시,천송동
경기도,여주시,오학동
경기도,여주시,현암동
경기도,여주시,오금동
경기도,여주시,가남읍
경기도,여주시,점동면
경기도,여주시,흥천면
경기도,여주시,금사면
경기도,여주시,능서면
경기도,여주시,세종대왕면
경기도,여주시,대신면
경기도,여주시,북내면
경기도,여주시,강천면
경기도,여주시,산북면
경기도,양주군,동두천읍
경기도,양주군,구리읍
경기도,양주군,미금읍
경기도,양주군,의정부읍
경기도,양주군,회천면
경기도,양주군,이남면
경기도,양주군,구리면
경기도,양주군,노해면
경기도,양주군,미금면
경기도,양주군,별내면
경기도,양주군,진접면
경기도,양주군,진건면
경기도,양주군,수동면
경기도,양주군,화도면
경기도,양주군,와부면
경기도,양주군,회천읍
경기도,양주군,양주읍
경기도,양주군,백석읍
경기도,양주군,주내면
경기도,양주군,은현면
경기도,양주군,남면
경기도,양주군,광적면
경기도,양주군,백석면
경기도,양주군,장흥면
경기도,남양주군,구리읍
경기도,남양주군,와부면
경기도,남양주군,미금읍
경기도,남양주군,와부읍
경기도,남양주군,진접읍
경기도,남양주군,화도읍
경기도,남양주군,별내면
경기도,남양주군,진접면
경기도,남양주군,진건면
경기도,남양주군,수동면
경기도,남양주군,화도면
경기도,남양주군,조안면
경기도,남양주군,퇴계원면
경기도,여주군,개군면
경기도,여주군,여주읍
경기도,여주군,점동면
경기도,여주군,가남면
경기도,여주군,흥천면
경기도,여주군,금사면
경기도,여주군,능서면
경기도,여주군,대신면
경기도,여주군,북내면
경기도,여주군,강천면
경기도,여주군,산북면
경기도,평택군,평택읍
경기도,평택군,송탄읍
경기도,평택군,팽성면
경기도,평택군,송탄면
경기도,평택군,팽성읍
경기도,평택군,진위면
경기도,평택군,서탄면
경기도,평택군,고덕면
경기도,평택군,오성면
경기도,평택군,청북면
경기도,평택군,포승면
경기도,평택군,현덕면
경기도,평택군,안중면
경기도,화성군,태안면
경기도,화성군,오산면
경기도,화성군,안용면
경기도,화성군,태장면
경기도,화성군,일왕면
경기도,화성군,오산읍
경기도,화성군,태안읍
경기도,화성군,봉담읍
경기도,화성군,반월면
경기도,화성군,매송면
경기도,화성군,봉담면
경기도,화성군,비봉면
경기도,화성군,남양면
경기도,화성군,마도면
경기도,화성군,송산면
경기도,화성군,서신면
경기도,화성군,팔탄면
경기도,화성군,장안면
경기도,화성군,우정면
경기도,화성군,향남면
경기도,화성군,양감면
경기도,화성군,정남면
경기도,화성군,동탄면
경기도,시흥군,소하읍
경기도,시흥군,소래면
경기도,시흥군,안양읍
경기도,시흥군,과천면
경기도,시흥군,서면
경기도,시흥군,소래읍
경기도,시흥군,남면
경기도,시흥군,의왕면
경기도,시흥군,동면
경기도,시흥군,신동면
경기도,시흥군,군포읍
경기도,시흥군,의왕읍
경기도,시흥군,수암면
경기도,시흥군,군자면
경기도,파주군,주내읍
경기도,파주군,주내면
경기도,파주군,아동면
경기도,파주군,임진면
경기도,파주군,금촌읍
경기도,파주군,문산읍
경기도,파주군,파주읍
경기도,파주군,법원읍
경기도,파주군,월롱면
경기도,파주군,탄현면
경기도,파주군,교하면
경기도,파주군,조리면
경기도,파주군,광탄면
경기도,파주군,천현면
경기도,파주군,파평면
경기도,파주군,적성면
경기도,파주군,군내면
경기도,파주군,장단면
경기도,파주군,진동면
경기도,파주군,진서면
경기도,고양군,중면
경기도,고양군,신도면
경기도,고양군,원당면
경기도,고양군,지도면
경기도,고양군,벽제면
경기도,고양군,신도읍
경기도,고양군,원당읍
경기도,고양군,일산읍
경기도,고양군,벽제읍
경기도,고양군,지도읍
경기도,고양군,화전읍
경기도,고양군,송포면
경기도,광주군,광주면
경기도,광주군,동부면
경기도,광주군,대왕면
경기도,광주군,낙생면
경기도,광주군,돌마면
경기도,광주군,구천면
경기도,광주군,언주면
경기도,광주군,중대면
경기도,광주군,동부읍
경기도,광주군,광주읍
경기도,광주군,오포면
경기도,광주군,초월면
경기도,광주군,실촌면
경기도,광주군,도척면
경기도,광주군,퇴촌면
경기도,광주군,남종면
경기도,광주군,중부면
경기도,광주군,서부면
경기도,연천군,연천면
경기도,연천군,전곡면
경기도,연천군,관인면
경기도,연천군,연천읍
경기도,연천군,전곡읍
경기도,연천군,군남면
경기도,연천군,청산면
경기도,연천군,백학면
경기도,연천군,미산면
경기도,연천군,왕징면
경기도,연천군,신서면
경기도,연천군,중면
경기도,연천군,장남면
경기도,포천군,포천면
경기도,포천군,청산면
경기도,포천군,포천읍
경기도,포천군,소흘읍
경기도,포천군,군내면
경기도,포천군,내촌면
경기도,포천군,가산면
경기도,포천군,소흘면
경기도,포천군,신북면
경기도,포천군,관인면
경기도,포천군,창수면
경기도,포천군,영중면
경기도,포천군,일동면
경기도,포천군,이동면
경기도,포천군,영북면
경기도,포천군,화현면
경기도,가평군,가평면
경기도,가평군,가평읍
경기도,가평군,설악면
경기도,가평군,외서면
경기도,가평군,청평면
경기도,가평군,상면
경기도,가평군,하면
경기도,가평군,조종면
경기도,가평군,북면
경기도,양평군,양평면
경기도,양평군,양평읍
경기도,양평군,강상면
경기도,양평군,강하면
경기도,양평군,양서면
경기도,양평군,옥천면
경기도,양평군,서종면
경기도,양평군,단월면
경기도,양평군,청운면
경기도,양평군,양동면
경기도,양평군,지제면
경기도,양평군,지평면
경기도,양평군,용문면
경기도,양평군,개군면
경기도,이천군,이천읍
경기도,이천군,장호원읍
경기도,이천군,부발읍
경기도,이천군,신둔면
경기도,이천군,백사면
경기도,이천군,부발면
경기도,이천군,호법면
경기도,이천군,마장면
경기도,이천군,대월면
경기도,이천군,모가면
경기도,이천군,설성면
경기도,이천군,율면
경기도,용인군,기흥면
경기도,용인군,용인면
경기도,용인군,고삼면
경기도,용인군,용인읍
경기도,용인군,기흥읍
경기도,용인군,포곡면
경기도,용인군,모현면
경기도,용인군,구성면
경기도,용인군,수지면
경기도,용인군,남사면
경기도,용인군,이동면
경기도,용인군,원삼면
경기도,용인군,외사면
경기도,용인군,내사면
경기도,안성군,안성읍
경기도,안성군,보개면
경기도,안성군,금광면
경기도,안성군,서운면
경기도,안성군,미양면
경기도,안성군,대덕면
경기도,안성군,양성면
경기도,안성군,공도면
경기도,안성군,원곡면
경기도,안성군,일죽면
경기도,안성군,이죽면
경기도,안성군,죽산면
경기도,안성군,삼죽면
경기도,안성군,고삼면
경기도,김포군,김포면
경기도,김포군,오정면
경기도,김포군,양동면
경기도,김포군,양서면
경기도,김포군,김포읍
경기도,김포군,고촌면
경기도,김포군,계양면
경기도,김포군,검단면
경기도,김포군,양촌면
경기도,김포군,통진면
경기도,김포군,대곳면
경기도,김포군,월곳면
경기도,김포군,하성면
경기도,김포군,대곶면
경기도,김포군,월곶면
경기도,강화군,강화면
경기도,강화군,강화읍
경기도,강화군,선원면
경기도,강화군,불은면
경기도,강화군,길상면
경기도,강화군,화도면
경기도,강화군,양도면
경기도,강화군,내가면
경기도,강화군,하점면
경기도,강화군,양사면
경기도,강화군,송해면
경기도,강화군,교동면
경기도,강화군,삼산면
경기도,강화군,서도면
경기도,옹진군,영종면
경기도,옹진군,북도면
경기도,옹진군,용유면
경기도,옹진군,송림면
경기도,옹진군,백령면
경기도,옹진군,대청면
경기도,옹진군,덕적면
경기도,옹진군,영흥면
경기도,옹진군,대부면
경기도,옹진군,자월면
강원도,울진군,울진면
강원도,울진군,북면
강원도,울진군,원남면
강원도,울진군,근남면
강원도,울진군,기성면
강원도,울진군,평해면
강원도,울진군,온정면
강원도,춘천시,봉의동
강원도,춘천시,요선동
강원도,춘천시,낙원동
강원도,춘천시,중앙로
강원도,춘천시,옥천동
강원도,춘천시,조양동
강원도,춘천시,죽림동
강원도,춘천시,운교동
강원도,춘천시,약사동
강원도,춘천시,효자동
강원도,춘천시,소양로
강원도,춘천시,근화동
강원도,춘천시,우두동
강원도,춘천시,사농동
강원도,춘천시,후평동
강원도,춘천시,온의동
강원도,춘천시,교동
강원도,춘천시,퇴계동
강원도,춘천시,석사동
강원도,춘천시,삼천동
강원도,춘천시,칠전동
강원도,춘천시,송암동
강원도,춘천시,신동
강원도,춘천시,중도동
강원도,춘천시,신북읍
강원도,춘천시,동면
강원도,춘천시,동산면
강원도,춘천시,신동면
강원도,춘천시,남면
강원도,춘천시,서면
강원도,춘천시,사북면
강원도,춘천시,신북면
강원도,춘천시,북산면
강원도,춘천시,동내면
강원도,춘천시,남산면
강원도,춘천시,중앙동
강원도,춘천시,조운동
강원도,춘천시,소락동
강원도,춘천시,소양동
강원도,춘천시,호반동
강원도,춘천시,칠송동
강원도,춘천시,사우동
강원도,원주시,중앙동
강원도,원주시,평원동
강원도,원주시,원동
강원도,원주시,인동
강원도,원주시,개운동
강원도,원주시,명륜동
강원도,원주시,단구동
강원도,원주시,일산동
강원도,원주시,학성동
강원도,원주시,단계동
강원도,원주시,우산동
강원도,원주시,태장동
강원도,원주시,봉산동
강원도,원주시,행구동
강원도,원주시,무실동
강원도,원주시,관설동
강원도,원주시,반곡동
강원도,원주시,가현동
강원도,원주시,문막읍
강원도,원주시,소초면
강원도,원주시,호저면
강원도,원주시,지정면
강원도,원주시,문막면
강원도,원주시,부론면
강원도,원주시,귀래면
강원도,원주시,흥업면
강원도,원주시,판부면
강원도,원주시,신림면
강원도,원주시,중평동
강원도,원주시,원인동
강원도,강릉시,홍제동
강원도,강릉시,남문동
강원도,강릉시,명주동
강원도,강릉시,성내동
강원도,강릉시,임당동
강원도,강릉시,금학동
강원도,강릉시,용강동
강원도,강릉시,성남동
강원도,강릉시,옥천동
강원도,강릉시,교동
강원도,강릉시,포남동
강원도,강릉시,초당동
강원도,강릉시,강문동
강원도,강릉시,송정동
강원도,강릉시,견소동
강원도,강릉시,내곡동
강원도,강릉시,회산동
강원도,강릉시,장현동
강원도,강릉시,박월동
강원도,강릉시,담산동
강원도,강릉시,노암동
강원도,강릉시,유산동
강원도,강릉시,월호평동
강원도,강릉시,신석동
강원도,강릉시,입암동
강원도,강릉시,청량동
강원도,강릉시,두산동
강원도,강릉시,학동
강원도,강릉시,병산동
강원도,강릉시,남항진동
강원도,강릉시,유천동
강원도,강릉시,지변동
강원도,강릉시,죽헌동
강원도,강릉시,대전동
강원도,강릉시,운정동
강원도,강릉시,난곡동
강원도,강릉시,저동
강원도,강릉시,안현동
강원도,강릉시,운산동
강원도,강릉시,주문진읍
강원도,강릉시,성산면
강원도,강릉시,왕산면
강원도,강릉시,구정면
강원도,강릉시,강동면
강원도,강릉시,옥계면
강원도,강릉시,사천면
강원도,강릉시,연곡면
강원도,강릉시,중앙동
강원도,강릉시,죽전동
강원도,동해시,천곡동
강원도,동해시,평릉동
강원도,동해시,송정동
강원도,동해시,용정동
강원도,동해시,지흥동
강원도,동해시,효가동
강원도,동해시,동회동
강원도,동해시,나안동
강원도,동해시,쇄운동
강원도,동해시,부곡동
강원도,동해시,발한동
강원도,동해시,북평동
강원도,동해시,구미동
강원도,동해시,추암동
강원도,동해시,구호동
강원도,동해시,단봉동
강원도,동해시,지가동
강원도,동해시,이도동
강원도,동해시,귀운동
강원도,동해시,대구동
강원도,동해시,호현동
강원도,동해시,내동
강원도,동해시,묵호진동
강원도,동해시,삼화동
강원도,동해시,이기동
강원도,동해시,이로동
강원도,동해시,어달동
강원도,동해시,대진동
강원도,동해시,망상동
강원도,동해시,심곡동
강원도,동해시,초구동
강원도,동해시,괴란동
강원도,동해시,만우동
강원도,동해시,신흥동
강원도,동해시,비천동
강원도,동해시,달방동
강원도,동해시,북삼동
강원도,동해시,동호동
강원도,동해시,향로동
강원도,동해시,사문동
강원도,동해시,묵호동
강원도,동해시,이원동
강원도,동해시,삼흥동
강원도,태백시,황지동
강원도,태백시,장성동
강원도,태백시,금천동
강원도,태백시,철암동
강원도,태백시,문곡동
강원도,태백시,동점동
강원도,태백시,소도동
강원도,태백시,혈동
강원도,태백시,화전동
강원도,태백시,적각동
강원도,태백시,창죽동
강원도,태백시,통동
강원도,태백시,백산동
강원도,태백시,원동
강원도,태백시,상사미동
강원도,태백시,하사미동
강원도,태백시,조탄동
강원도,태백시,상장동
강원도,태백시,화광동
강원도,태백시,계산동
강원도,태백시,연화동
강원도,속초시,영랑동
강원도,속초시,동명동
강원도,속초시,중앙동
강원도,속초시,금호동
강원도,속초시,청학동
강원도,속초시,교동
강원도,속초시,노학동
강원도,속초시,조양동
강원도,속초시,청호동
강원도,속초시,대포동
강원도,속초시,도문동
강원도,속초시,설악동
강원도,속초시,장사동
강원도,속초시,사진동
강원도,삼척시,자지동
강원도,삼척시,성내동
강원도,삼척시,성북동
강원도,삼척시,읍상동
강원도,삼척시,읍중동
강원도,삼척시,당저동
강원도,삼척시,교동
강원도,삼척시,갈천동
강원도,삼척시,증산동
강원도,삼척시,우지동
강원도,삼척시,마달동
강원도,삼척시,자원동
강원도,삼척시,평전동
강원도,삼척시,등봉동
강원도,삼척시,도경동
강원도,삼척시,마평동
강원도,삼척시,오사동
강원도,삼척시,건지동
강원도,삼척시,원당동
강원도,삼척시,성남동
강원도,삼척시,남양동
강원도,삼척시,사직동
강원도,삼척시,오분동
강원도,삼척시,적노동
강원도,삼척시,조비동
강원도,삼척시,정상동
강원도,삼척시,정하동
강원도,삼척시,근산동
강원도,삼척시,도계읍
강원도,삼척시,원덕읍
강원도,삼척시,근덕면
강원도,삼척시,하장면
강원도,삼척시,노곡면
강원도,삼척시,미로면
강원도,삼척시,가곡면
강원도,삼척시,신기면
강원도,삼척시,월계동
강원도,삼척시,정라동
강원도,삼척시,도원동
강원도,춘성군,동면
강원도,춘성군,동산면
강원도,춘성군,신동면
강원도,춘성군,남면
강원도,춘성군,서면
강원도,춘성군,사북면
강원도,춘성군,신북면
강원도,춘성군,북산면
강원도,춘성군,동내면
강원도,춘성군,남산면
강원도,춘천군,동면
강원도,춘천군,동산면
강원도,춘천군,신동면
강원도,춘천군,남면
강원도,춘천군,서면
강원도,춘천군,사북면
강원도,춘천군,신북면
강원도,춘천군,북산면
강원도,춘천군,동내면
강원도,춘천군,남산면
강원도,홍천군,홍천면
강원도,홍천군,홍천읍
강원도,홍천군,화촌면
강원도,홍천군,두촌면
강원도,홍천군,내촌면
강원도,홍천군,서석면
강원도,홍천군,동면
강원도,홍천군,영귀미면
강원도,홍천군,남면
강원도,홍천군,서면
강원도,홍천군,북방면
강원도,홍천군,내면
강원도,횡성군,횡성면
강원도,횡성군,횡성읍
강원도,횡성군,우천면
강원도,횡성군,안흥면
강원도,횡성군,둔내면
강원도,횡성군,갑천면
강원도,횡성군,청일면
강원도,횡성군,공근면
강원도,횡성군,서원면
강원도,횡성군,강림면
강원도,원성군,소초면
강원도,원성군,호저면
강원도,원성군,지정면
강원도,원성군,문막면
강원도,원성군,부론면
강원도,원성군,귀래면
강원도,원성군,흥업면
강원도,원성군,판부면
강원도,원성군,신림면
강원도,원주군,소초면
강원도,원주군,호저면
강원도,원주군,지정면
강원도,원주군,문막면
강원도,원주군,부론면
강원도,원주군,귀래면
강원도,원주군,흥업면
강원도,원주군,판부면
강원도,원주군,신림면
강원도,영월군,영월면
강원도,영월군,상동면
강원도,영월군,영월읍
강원도,영월군,상동읍
강원도,영월군,중동면
강원도,영월군,산솔면
강원도,영월군,하동면
강원도,영월군,김삿갓면
강원도,영월군,북면
강원도,영월군,남면
강원도,영월군,서면
강원도,영월군,한반도면
강원도,영월군,주천면
강원도,영월군,수주면
강원도,영월군,무릉도원면
강원도,평창군,평창면
강원도,평창군,평창읍
강원도,평창군,미탄면
강원도,평창군,방림면
강원도,평창군,대화면
강원도,평창군,봉평면
강원도,평창군,용평면
강원도,평창군,진부면
강원도,평창군,도암면
강원도,평창군,대관령면
강원도,정선군,신동면
강원도,정선군,정선면
강원도,정선군,정선읍
강원도,정선군,고한읍
강원도,정선군,사북읍
강원도,정선군,신동읍
강원도,정선군,동면
강원도,정선군,남면
강원도,정선군,북면
강원도,정선군,북평면
강원도,정선군,임계면
강원도,정선군,화암면
강원도,정선군,여량면
강원도,철원군,갈말면
강원도,철원군,동송면
강원도,철원군,철원읍
강원도,철원군,김화읍
강원도,철원군,갈말읍
강원도,철원군,동송읍
강원도,철원군,서면
강원도,철원군,근남면
강원도,철원군,근북면
강원도,철원군,근동면
강원도,철원군,원동면
강원도,철원군,원남면
강원도,철원군,임남면
강원도,철원군,임문면
강원도,화천군,화천면
강원도,화천군,화천읍
강원도,화천군,간동면
강원도,화천군,하남면
강원도,화천군,상서면
강원도,화천군,사내면
강원도,양구군,양구면
강원도,양구군,양구읍
강원도,양구군,남면
강원도,양구군,국토정중앙면
강원도,양구군,동면
강원도,양구군,방산면
강원도,양구군,해안면
강원도,인제군,인제면
강원도,인제군,인제읍
강원도,인제군,남면
강원도,인제군,북면
강원도,인제군,기린면
강원도,인제군,서화면
강원도,인제군,상남면
강원도,고성군,간성면
강원도,고성군,거진면
강원도,고성군,간성읍
강원도,고성군,거진읍
강원도,고성군,현내면
강원도,고성군,죽왕면
강원도,고성군,토성면
강원도,고성군,수동면
강원도,양양군,속초읍
강원도,양양군,양양면
강원도,양양군,양양읍
강원도,양양군,서면
강원도,양양군,손양면
강원도,양양군,현북면
강원도,양양군,현남면
강원도,양양군,강현면
강원도,명주군,묵호읍
강원도,명주군,주문진읍
강원도,명주군,성산면
강원도,명주군,왕산면
강원도,명주군,구정면
강원도,명주군,강동면
강원도,명주군,옥계면
강원도,명주군,사천면
강원도,명주군,연곡면
강원도,삼척군,삼척읍
강원도,삼척군,북평읍
강원도,삼척군,황지읍
강원도,삼척군,장성읍
강원도,삼척군,소달면
강원도,삼척군,원덕면
강원도,삼척군,상장면
강원도,삼척군,도계읍
강원도,삼척군,원덕읍
강원도,삼척군,근덕면
강원도,삼척군,하장면
강원도,삼척군,노곡면
강원도,삼척군,미로면
강원도,삼척군,가곡면
강원도,삼척군,신기면
충청북도,제천군,제천읍
충청북도,제천군,금성면
충청북도,제천군,청풍면
충청북도,제천군,수산면
충청북도,제천군,덕산면
충청북도,제천군,한수면
충청북도,제천군,백운면
충청북도,제천군,봉양면
충청북도,제천군,송학면
충청북도,청주시,영동
충청북도,청주시,북문로
충청북도,청주시,문화동
충청북도,청주시,남문로
충청북도,청주시,서운동
충청북도,청주시,서문동
충청북도,청주시,남주동
충청북도,청주시,석교동
충청북도,청주시,수동
충청북도,청주시,우암동
충청북도,청주시,내덕동
충청북도,청주시,율량동
충청북도,청주시,사천동
충청북도,청주시,탑동
충청북도,청주시,대성동
충청북도,청주시,사직동
충청북도,청주시,사창동
충청북도,청주시,모충동
충청북도,청주시,영운동
충청북도,청주시,금천동
충청북도,청주시,용담동
충청북도,청주시,명암동
충청북도,청주시,운천동
충청북도,청주시,신봉동
충청북도,청주시,용암동
충청북도,청주시,용정동
충청북도,청주시,산남동
충청북도,청주시,미평동
충청북도,청주시,분평동
충청북도,청주시,수곡동
충청북도,청주시,농촌동
충청북도,청주시,개신동
충청북도,청주시,가경동
충청북도,청주시,복대동
충청북도,청주시,봉명동
충청북도,청주시,송정동
충청북도,청주시,산성동
충청북도,청주시,방서동
충청북도,청주시,강서동
충청북도,청주시,석곡동
충청북도,청주시,휴암동
충청북도,청주시,신전동
충청북도,청주시,현암동
충청북도,청주시,동막동
충청북도,청주시,수의동
충청북도,청주시,지동동
충청북도,청주시,서촌동
충청북도,청주시,신성동
충청북도,청주시,평동
충청북도,청주시,신대동
충청북도,청주시,남촌동
충청북도,청주시,내곡동
충청북도,청주시,상신동
충청북도,청주시,원평동
충청북도,청주시,문암동
충청북도,청주시,송절동
충청북도,청주시,화계동
충청북도,청주시,외북동
충청북도,청주시,향정동
충청북도,청주시,비하동
충청북도,청주시,석소동
충청북도,청주시,죽림동
충청북도,청주시,정봉동
충청북도,청주시,신촌동
충청북도,청주시,성화동
충청북도,청주시,지북동
충청북도,청주시,평촌동
충청북도,청주시,월오동
충청북도,청주시,운동동
충청북도,청주시,외평동
충청북도,청주시,외남동
충청북도,청주시,오동동
충청북도,청주시,외하동
충청북도,청주시,정북동
충청북도,청주시,정상동
충청북도,청주시,정하동
충청북도,청주시,주중동
충청북도,청주시,주성동
충청북도,청주시,장암동
충청북도,청주시,장성동
충청북도,충주시,성내동
충청북도,충주시,성남동
충청북도,충주시,성서동
충청북도,충주시,충인동
충청북도,충주시,교현동
충청북도,충주시,용산동
충청북도,충주시,호암동
충청북도,충주시,직동
충청북도,충주시,단월동
충청북도,충주시,풍동
충청북도,충주시,가주동
충청북도,충주시,용관동
충청북도,충주시,용두동
충청북도,충주시,달천동
충청북도,충주시,봉방동
충청북도,충주시,칠금동
충청북도,충주시,금능동
충청북도,충주시,연수동
충청북도,충주시,목행동
충청북도,충주시,용탄동
충청북도,충주시,종민동
충청북도,충주시,안림동
충청북도,충주시,목벌동
충청북도,충주시,충의동
충청북도,충주시,지현동
충청북도,충주시,역전동
충청북도,충주시,문화동
충청북도,충주시,금릉동
충청북도,충주시,주덕읍
충청북도,충주시,살미면
충청북도,충주시,상모면
충청북도,충주시,수안보면
충청북도,충주시,이류면
충청북도,충주시,대소원면
충청북도,충주시,주덕면
충청북도,충주시,신니면
충청북도,충주시,노은면
충청북도,충주시,앙성면
충청북도,충주시,가금면
충청북도,충주시,중앙탑면
충청북도,충주시,금가면
충청북도,충주시,동량면
충청북도,충주시,산척면
충청북도,충주시,엄정면
충청북도,충주시,소태면
충청북도,제천시,의림동
충청북도,제천시,서부동
충청북도,제천시,동현동
충청북도,제천시,남천동
충청북도,제천시,교동
충청북도,제천시,중앙로
충청북도,제천시,명동
충청북도,제천시,화산동
충청북도,제천시,영천동
충청북도,제천시,하소동
충청북도,제천시,신월동
충청북도,제천시,청전동
충청북도,제천시,모산동
충청북도,제천시,고암동
충청북도,제천시,장락동
충청북도,제천시,흑석동
충청북도,제천시,두학동
충청북도,제천시,고명동
충청북도,제천시,신백동
충청북도,제천시,강제동
충청북도,제천시,명지동
충청북도,제천시,산곡동
충청북도,제천시,왕암동
충청북도,제천시,천남동
충청북도,제천시,신동
충청북도,제천시,자작동
충청북도,제천시,대랑동
충청북도,제천시,봉양읍
충청북도,제천시,금성면
충청북도,제천시,청풍면
충청북도,제천시,수산면
충청북도,제천시,덕산면
충청북도,제천시,한수면
충청북도,제천시,백운면
충청북도,제천시,봉양면
충청북도,제천시,송학면
충청북도,제천시,중앙동
충청북도,제천시,명서동
충청북도,제천시,용두동
충청북도,청원군,강서면
충청북도,청원군,사주면
충청북도,청원군,내수읍
충청북도,청원군,오창읍
충청북도,청원군,오송읍
충청북도,청원군,낭성면
충청북도,청원군,미원면
충청북도,청원군,가덕면
충청북도,청원군,남일면
충청북도,청원군,남이면
충청북도,청원군,문의면
충청북도,청원군,현도면
충청북도,청원군,부용면
충청북도,청원군,강내면
충청북도,청원군,강외면
충청북도,청원군,옥산면
충청북도,청원군,오창면
충청북도,청원군,북이면
충청북도,청원군,북일면
충청북도,보은군,보은면
충청북도,보은군,보은읍
충청북도,보은군,내속리면
충청북도,보은군,속리산면
충청북도,보은군,외속리면
충청북도,보은군,장안면
충청북도,보은군,마로면
충청북도,보은군,탄부면
충청북도,보은군,삼승면
충청북도,보은군,수한면
충청북도,보은군,회남면
충청북도,보은군,회북면
충청북도,보은군,회인면
충청북도,보은군,내북면
충청북도,보은군,산외면
충청북도,옥천군,옥천읍
충청북도,옥천군,동이면
충청북도,옥천군,안남면
충청북도,옥천군,안내면
충청북도,옥천군,청성면
충청북도,옥천군,청산면
충청북도,옥천군,이원면
충청북도,옥천군,군서면
충청북도,옥천군,군북면
충청북도,영동군,영동읍
충청북도,영동군,용산면
충청북도,영동군,황간면
충청북도,영동군,황금면
충청북도,영동군,추풍령면
충청북도,영동군,매곡면
충청북도,영동군,상촌면
충청북도,영동군,양강면
충청북도,영동군,용화면
충청북도,영동군,학산면
충청북도,영동군,양산면
충청북도,영동군,심천면
충청북도,증평군,증평읍
충청북도,증평군,도안면
충청북도,진천군,진천면
충청북도,진천군,진천읍
충청북도,진천군,덕산읍
충청북도,진천군,덕산면
충청북도,진천군,초평면
충청북도,진천군,문백면
충청북도,진천군,백곡면
충청북도,진천군,이월면
충청북도,진천군,만승면
충청북도,진천군,광혜원면
충청북도,괴산군,괴산면
충청북도,괴산군,상모면
충청북도,괴산군,증평읍
충청북도,괴산군,괴산읍
충청북도,괴산군,감물면
충청북도,괴산군,장연면
충청북도,괴산군,연풍면
충청북도,괴산군,칠성면
충청북도,괴산군,문광면
충청북도,괴산군,청천면
충청북도,괴산군,청안면
충청북도,괴산군,도안면
충청북도,괴산군,사리면
충청북도,괴산군,소수면
충청북도,괴산군,불정면
충청북도,음성군,금왕면
충청북도,음성군,음성읍
충청북도,음성군,금왕읍
충청북도,음성군,소이면
충청북도,음성군,원남면
충청북도,음성군,맹동면
충청북도,음성군,대소면
충청북도,음성군,삼성면
충청북도,음성군,생극면
충청북도,음성군,감곡면
충청북도,중원군,살미면
충청북도,중원군,상모면
충청북도,중원군,이류면
충청북도,중원군,주덕면
충청북도,중원군,신니면
충청북도,중원군,노은면
충청북도,중원군,앙성면
충청북도,중원군,가금면
충청북도,중원군,금가면
충청북도,중원군,동량면
충청북도,중원군,산척면
충청북도,중원군,엄정면
충청북도,중원군,소태면
충청북도,제원군,금성면
충청북도,제원군,청풍면
충청북도,제원군,수산면
충청북도,제원군,덕산면
충청북도,제원군,한수면
충청북도,제원군,백운면
충청북도,제원군,봉양면
충청북도,제원군,송학면
충청북도,단양군,단양면
충청북도,단양군,매포면
충청북도,단양군,단양읍
충청북도,단양군,매포읍
충청북도,단양군,대강면
충청북도,단양군,가곡면
충청북도,단양군,영춘면
충청북도,단양군,어상천면
충청북도,단양군,적성면
충청북도,단양군,단성면
충청남도,천안군,천안읍
충청남도,천안군,환성면
충청남도,천안군,풍세면
충청남도,천안군,광덕면
충청남도,천안군,목천면
충청남도,천안군,북면
충청남도,천안군,성남면
충청남도,천안군,수신면
충청남도,천안군,병천면
충청남도,천안군,동면
충청남도,천안군,직산면
충청남도,천안군,성거면
충청남도,천안시,대흥동
충청남도,천안시,와촌동
충청남도,천안시,성황동
충청남도,천안시,문화동
충청남도,천안시,사직동
충청남도,천안시,영성동
충청남도,천안시,오룡동
충청남도,천안시,원성동
충청남도,천안시,구성동
충청남도,천안시,청수동
충청남도,천안시,삼룡동
충청남도,천안시,청당동
충청남도,천안시,유량동
충청남도,천안시,성정동
충청남도,천안시,백석동
충청남도,천안시,두정동
충청남도,천안시,성성동
충청남도,천안시,차암동
충청남도,천안시,봉명동
충청남도,천안시,다가동
충청남도,천안시,용곡동
충청남도,천안시,신방동
충청남도,천안시,쌍용동
충청남도,천안시,불당동
충청남도,천안시,신부동
충청남도,천안시,업성동
충청남도,천안시,신당동
충청남도,천안시,부대동
충청남도,천안시,안서동
충청남도,천안시,구룡동
충청남도,천안시,성환읍
충청남도,천안시,성거읍
충청남도,천안시,직산읍
충청남도,천안시,목천읍
충청남도,천안시,풍세면
충청남도,천안시,광덕면
충청남도,천안시,목천면
충청남도,천안시,북면
충청남도,천안시,성남면
충청남도,천안시,수신면
충청남도,천안시,병천면
충청남도,천안시,동면
충청남도,천안시,직산면
충청남도,천안시,입장면
충청남도,천안시,대룡동
충청남도,천안시,문성동
충청남도,천안시,남산동
충청남도,천안시,성촌동
충청남도,천안시,쌍봉동
충청남도,천안시,신용동
충청남도,천안시,청용동
충청남도,천안시,신안동
충청남도,천안시,부성동
충청남도,공주시,반죽동
충청남도,공주시,봉황동
충청남도,공주시,중학동
충청남도,공주시,중동
충청남도,공주시,산성동
충청남도,공주시,교동
충청남도,공주시,웅진동
충청남도,공주시,금성동
충청남도,공주시,옥룡동
충청남도,공주시,금학동
충청남도,공주시,봉정동
충청남도,공주시,주미동
충청남도,공주시,태봉동
충청남도,공주시,오곡동
충청남도,공주시,신기동
충청남도,공주시,소학동
충청남도,공주시,상왕동
충청남도,공주시,무릉동
충청남도,공주시,월송동
충청남도,공주시,신관동
충청남도,공주시,금흥동
충청남도,공주시,쌍신동
충청남도,공주시,월미동
충청남도,공주시,검상동
충청남도,공주시,석장리동
충청남도,공주시,송선동
충청남도,공주시,동현동
충청남도,공주시,유구읍
충청남도,공주시,이인면
충청남도,공주시,탄천면
충청남도,공주시,계룡면
충청남도,공주시,반포면
충청남도,공주시,장기면
충청남도,공주시,의당면
충청남도,공주시,정안면
충청남도,공주시,우성면
충청남도,공주시,사곡면
충청남도,공주시,신풍면
충청남도,공주시,유구면
충청남도,대천시,대천동
충청남도,대천시,죽정동
충청남도,대천시,화산동
충청남도,대천시,동대동
충청남도,대천시,명천동
충청남도,대천시,궁촌동
충청남도,대천시,내항동
충청남도,대천시,남곡동
충청남도,대천시,요암동
충청남도,대천시,신흑동
충청남도,대천시,원동
충청남도,대천시,대관동
충청남도,대천시,대신동
충청남도,대천시,흥덕동
충청남도,대천시,왕대동
충청남도,대천시,현포동
충청남도,보령시,대천동
충청남도,보령시,죽정동
충청남도,보령시,화산동
충청남도,보령시,동대동
충청남도,보령시,명천동
충청남도,보령시,궁촌동
충청남도,보령시,내항동
충청남도,보령시,남곡동
충청남도,보령시,요암동
충청남도,보령시,신흑동
충청남도,보령시,웅천읍
충청남도,보령시,주포면
충청남도,보령시,오천면
충청남도,보령시,천북면
충청남도,보령시,청소면
충청남도,보령시,청라면
충청남도,보령시,남포면
충청남도,보령시,웅천면
충청남도,보령시,주산면
충청남도,보령시,미산면
충청남도,보령시,성주면
충청남도,보령시,주교면
충청남도,온양시,온천동
충청남도,온양시,실옥동
충청남도,온양시,방축동
충청남도,온양시,기산동
충청남도,온양시,초사동
충청남도,온양시,신인동
충청남도,온양시,법곡동
충청남도,온양시,장존동
충청남도,온양시,좌부동
충청남도,온양시,읍내동
충청남도,온양시,풍기동
충청남도,온양시,용화동
충청남도,온양시,모종동
충청남도,온양시,권곡동
충청남도,온양시,배미동
충청남도,온양시,득산동
충청남도,온양시,점양동
충청남도,온양시,신동
충청남도,온양시,남동
충청남도,온양시,신정동
충청남도,온양시,온주동
충청남도,아산시,온천동
충청남도,아산시,실옥동
충청남도,아산시,방축동
충청남도,아산시,기산동
충청남도,아산시,초사동
충청남도,아산시,신인동
충청남도,아산시,법곡동
충청남도,아산시,장존동
충청남도,아산시,좌부동
충청남도,아산시,읍내동
충청남도,아산시,풍기동
충청남도,아산시,용화동
충청남도,아산시,모종동
충청남도,아산시,권곡동
충청남도,아산시,배미동
충청남도,아산시,득산동
충청남도,아산시,점양동
충청남도,아산시,신동
충청남도,아산시,남동
충청남도,아산시,염치읍
충청남도,아산시,배방읍
충청남도,아산시,송악면
충청남도,아산시,배방면
충청남도,아산시,탕정면
충청남도,아산시,음봉면
충청남도,아산시,둔포면
충청남도,아산시,영인면
충청남도,아산시,인주면
충청남도,아산시,선장면
충청남도,아산시,도고면
충청남도,아산시,신창면
충청남도,서산시,읍내동
충청남도,서산시,동문동
충청남도,서산시,갈산동
충청남도,서산시,온석동
충청남도,서산시,잠홍동
충청남도,서산시,수석동
충청남도,서산시,석림동
충청남도,서산시,석남동
충청남도,서산시,예천동
충청남도,서산시,죽성동
충청남도,서산시,양대동
충청남도,서산시,오남동
충청남도,서산시,장동
충청남도,서산시,덕지천동
충청남도,서산시,대산읍
충청남도,서산시,인지면
충청남도,서산시,부석면
충청남도,서산시,팔봉면
충청남도,서산시,지곡면
충청남도,서산시,성연면
충청남도,서산시,음암면
충청남도,서산시,운산면
충청남도,서산시,해미면
충청남도,서산시,고북면
충청남도,서산시,부춘동
충청남도,서산시,활성동
충청남도,서산시,오산동
충청남도,논산시,화지동
충청남도,논산시,반월동
충청남도,논산시,대교동
충청남도,논산시,부창동
충청남도,논산시,취암동
충청남도,논산시,등화동
충청남도,논산시,지산동
충청남도,논산시,덕지동
충청남도,논산시,내동
충청남도,논산시,강산동
충청남도,논산시,관촉동
충청남도,논산시,강경읍
충청남도,논산시,연무읍
충청남도,논산시,성동면
충청남도,논산시,광석면
충청남도,논산시,노성면
충청남도,논산시,상월면
충청남도,논산시,부적면
충청남도,논산시,연산면
충청남도,논산시,두마면
충청남도,논산시,벌곡면
충청남도,논산시,양촌면
충청남도,논산시,가야곡면
충청남도,논산시,은진면
충청남도,논산시,채운면
충청남도,계룡시,금암동
충청남도,계룡시,두마면
충청남도,계룡시,엄사면
충청남도,계룡시,남선면
충청남도,계룡시,신도안면
충청남도,당진시,읍내동
충청남도,당진시,채운동
충청남도,당진시,우두동
충청남도,당진시,원당동
충청남도,당진시,시곡동
충청남도,당진시,수청동
충청남도,당진시,대덕동
충청남도,당진시,행정동
충청남도,당진시,용연동
충청남도,당진시,사기소동
충청남도,당진시,구룡동
충청남도,당진시,합덕읍
충청남도,당진시,송악읍
충청남도,당진시,고대면
충청남도,당진시,석문면
충청남도,당진시,대호지면
충청남도,당진시,정미면
충청남도,당진시,면천면
충청남도,당진시,순성면
충청남도,당진시,우강면
충청남도,당진시,신평면
충청남도,당진시,송산면
충청남도,금산군,금산읍
충청남도,금산군,금성면
충청남도,금산군,제원면
충청남도,금산군,부리면
충청남도,금산군,군북면
충청남도,금산군,남일면
충청남도,금산군,남이면
충청남도,금산군,진산면
충청남도,금산군,복수면
충청남도,금산군,추부면
충청남도,대덕군,유성읍
충청남도,대덕군,회덕면
충청남도,대덕군,북면
충청남도,대덕군,유성면
충청남도,대덕군,유천면
충청남도,대덕군,신탄진읍
충청남도,대덕군,산내면
충청남도,대덕군,동면
충청남도,대덕군,구즉면
충청남도,대덕군,탄동면
충청남도,대덕군,진잠면
충청남도,대덕군,기성면
충청남도,연기군,조치원읍
충청남도,연기군,동면
충청남도,연기군,서면
충청남도,연기군,남면
충청남도,연기군,금남면
충청남도,연기군,전의면
충청남도,연기군,전동면
충청남도,연기군,소정면
충청남도,공주군,공주읍
충청남도,공주군,이인면
충청남도,공주군,탄천면
충청남도,공주군,계룡면
충청남도,공주군,반포면
충청남도,공주군,장기면
충청남도,공주군,의당면
충청남도,공주군,정안면
충청남도,공주군,우성면
충청남도,공주군,사곡면
충청남도,공주군,신풍면
충청남도,공주군,유구면
충청남도,논산군,구자곡면
충청남도,논산군,논산읍
충청남도,논산군,강경읍
충청남도,논산군,연무읍
충청남도,논산군,성동면
충청남도,논산군,광석면
충청남도,논산군,노성면
충청남도,논산군,상월면
충청남도,논산군,부적면
충청남도,논산군,연산면
충청남도,논산군,두마면
충청남도,논산군,벌곡면
충청남도,논산군,양촌면
충청남도,논산군,가야곡면
충청남도,논산군,은진면
충청남도,논산군,채운면
충청남도,부여군,부여면
충청남도,부여군,부여읍
충청남도,부여군,규암면
충청남도,부여군,은산면
충청남도,부여군,외산면
충청남도,부여군,내산면
충청남도,부여군,구룡면
충청남도,부여군,홍산면
충청남도,부여군,옥산면
충청남도,부여군,남면
충청남도,부여군,충화면
충청남도,부여군,양화면
충청남도,부여군,임천면
충청남도,부여군,장암면
충청남도,부여군,세도면
충청남도,부여군,석성면
충청남도,부여군,초촌면
충청남도,서천군,서천면
충청남도,서천군,장항읍
충청남도,서천군,서천읍
충청남도,서천군,마서면
충청남도,서천군,화양면
충청남도,서천군,기산면
충청남도,서천군,한산면
충청남도,서천군,마산면
충청남도,서천군,시초면
충청남도,서천군,문산면
충청남도,서천군,판교면
충청남도,서천군,종천면
충청남도,서천군,비인면
충청남도,서천군,서면
충청남도,보령군,대천읍
충청남도,보령군,대천면
충청남도,보령군,주포면
충청남도,보령군,오천면
충청남도,보령군,천북면
충청남도,보령군,청소면
충청남도,보령군,청라면
충청남도,보령군,남포면
충청남도,보령군,웅천면
충청남도,보령군,주산면
충청남도,보령군,미산면
충청남도,보령군,성주면
충청남도,보령군,주교면
충청남도,청양군,적곡면
충청남도,청양군,사양면
충청남도,청양군,청양면
충청남도,청양군,청양읍
충청남도,청양군,운곡면
충청남도,청양군,대치면
충청남도,청양군,정산면
충청남도,청양군,목면
충청남도,청양군,청남면
충청남도,청양군,장평면
충청남도,청양군,남양면
충청남도,청양군,화성면
충청남도,청양군,비봉면
충청남도,홍성군,홍성면
충청남도,홍성군,홍성읍
충청남도,홍성군,광천읍
충청남도,홍성군,홍북읍
충청남도,홍성군,홍북면
충청남도,홍성군,금마면
충청남도,홍성군,홍동면
충청남도,홍성군,장곡면
충청남도,홍성군,은하면
충청남도,홍성군,결성면
충청남도,홍성군,서부면
충청남도,홍성군,갈산면
충청남도,홍성군,구항면
충청남도,예산군,삽교면
충청남도,예산군,예산읍
충청남도,예산군,삽교읍
충청남도,예산군,대술면
충청남도,예산군,신양면
충청남도,예산군,광시면
충청남도,예산군,대흥면
충청남도,예산군,응봉면
충청남도,예산군,덕산면
충청남도,예산군,봉산면
충청남도,예산군,고덕면
충청남도,예산군,신암면
충청남도,예산군,오가면
충청남도,서산군,태안면
충청남도,서산군,안면면
충청남도,서산군,이북면
충청남도,서산군,서산읍
충청남도,서산군,태안읍
충청남도,서산군,안면읍
충청남도,서산군,대산읍
충청남도,서산군,인지면
충청남도,서산군,부석면
충청남도,서산군,팔봉면
충청남도,서산군,지곡면
충청남도,서산군,대산면
충청남도,서산군,성연면
충청남도,서산군,음암면
충청남도,서산군,운산면
충청남도,서산군,해미면
충청남도,서산군,고북면
충청남도,서산군,고남면
충청남도,서산군,남면
충청남도,서산군,근흥면
충청남도,서산군,소원면
충청남도,서산군,원북면
충청남도,서산군,이원면
충청남도,태안군,태안읍
충청남도,태안군,안면읍
충청남도,태안군,고남면
충청남도,태안군,남면
충청남도,태안군,근흥면
충청남도,태안군,소원면
충청남도,태안군,원북면
충청남도,태안군,이원면
충청남도,당진군,당진면
충청남도,당진군,합덕면
충청남도,당진군,당진읍
충청남도,당진군,합덕읍
충청남도,당진군,송악읍
충청남도,당진군,고대면
충청남도,당진군,석문면
충청남도,당진군,대호지면
충청남도,당진군,정미면
충청남도,당진군,면천면
충청남도,당진군,순성면
충청남도,당진군,우강면
충청남도,당진군,신평면
충청남도,당진군,송악면
충청남도,당진군,송산면
충청남도,아산군,온양읍
충청남도,아산군,염치읍
충청남도,아산군,송악면
충청남도,아산군,배방면
충청남도,아산군,탕정면
충청남도,아산군,염치면
충청남도,아산군,음봉면
충청남도,아산군,둔포면
충청남도,아산군,영인면
충청남도,아산군,인주면
충청남도,아산군,선장면
충청남도,아산군,도고면
충청남도,아산군,신창면
충청남도,천원군,성거면
충청남도,천원군,성환면
충청남도,천원군,성환읍
충청남도,천원군,성거읍
충청남도,천원군,풍세면
충청남도,천원군,광덕면
충청남도,천원군,목천면
충청남도,천원군,북면
충청남도,천원군,성남면
충청남도,천원군,수신면
충청남도,천원군,병천면
충청남도,천원군,동면
충청남도,천원군,직산면
충청남도,천원군,입장면
충청남도,천안군,성환읍
충청남도,천안군,성거읍
충청남도,천안군,입장면
전라북도,금산군,금산읍
전라북도,금산군,금성면
전라북도,금산군,제원면
전라북도,금산군,부리면
전라북도,금산군,군북면
전라북도,금산군,남일면
전라북도,금산군,남이면
전라북도,금산군,진산면
전라북도,금산군,복수면
전라북도,금산군,추부면
전라북도,전주시,중앙동
전라북도,전주시,경원동
전라북도,전주시,풍남동
전라북도,전주시,전동
전라북도,전주시,다가동
전라북도,전주시,고사동
전라북도,전주시,교동
전라북도,전주시,태평동
전라북도,전주시,중노송동
전라북도,전주시,동완산동
전라북도,전주시,서완산동
전라북도,전주시,중화산동
전라북도,전주시,진북동
전라북도,전주시,덕진동
전라북도,전주시,우아동
전라북도,전주시,호성동
전라북도,전주시,전미동
전라북도,전주시,평화동
전라북도,전주시,삼천동
전라북도,전주시,효자동
전라북도,전주시,팔복동
전라북도,전주시,송천동
전라북도,전주시,남노송동
전라북도,전주시,서노송동
전라북도,전주시,동서학동
전라북도,전주시,서서학동
전라북도,전주시,인후동
전라북도,전주시,금암동
전라북도,전주시,서신동
전라북도,전주시,대성동
전라북도,전주시,색장동
전라북도,전주시,화전동
전라북도,전주시,용정동
전라북도,전주시,성덕동
전라북도,전주시,반월동
전라북도,전주시,원동
전라북도,전주시,고랑동
전라북도,전주시,동산동
전라북도,전주시,여의동
전라북도,전주시,장동
전라북도,전주시,만성동
전라북도,전주시,금상동
전라북도,전주시,산정동
전라북도,전주시,석구동
전라북도,전주시,원당동
전라북도,전주시,중인동
전라북도,전주시,용복동
전라북도,전주시,남고동
전라북도,전주시,조촌동
전라북도,군산시,해망동
전라북도,군산시,신흥동
전라북도,군산시,금동
전라북도,군산시,월명동
전라북도,군산시,신창동
전라북도,군산시,오룡동
전라북도,군산시,금광동
전라북도,군산시,신풍동
전라북도,군산시,송풍동
전라북도,군산시,문화동
전라북도,군산시,삼학동
전라북도,군산시,선양동
전라북도,군산시,둔율동
전라북도,군산시,창성동
전라북도,군산시,명산동
전라북도,군산시,송창동
전라북도,군산시,개복동
전라북도,군산시,중앙로
전라북도,군산시,영화동
전라북도,군산시,장미동
전라북도,군산시,영동
전라북도,군산시,신영동
전라북도,군산시,죽성동
전라북도,군산시,평화동
전라북도,군산시,대명동
전라북도,군산시,장재동
전라북도,군산시,미원동
전라북도,군산시,중동
전라북도,군산시,금암동
전라북도,군산시,동흥남동
전라북도,군산시,서흥남동
전라북도,군산시,조촌동
전라북도,군산시,경장동
전라북도,군산시,경암동
전라북도,군산시,구암동
전라북도,군산시,내흥동
전라북도,군산시,개정동
전라북도,군산시,사정동
전라북도,군산시,수송동
전라북도,군산시,미장동
전라북도,군산시,지곡동
전라북도,군산시,나운동
전라북도,군산시,미룡동
전라북도,군산시,소룡동
전라북도,군산시,오식도동
전라북도,군산시,비응도동
전라북도,군산시,신관동
전라북도,군산시,개사동
전라북도,군산시,산북동
전라북도,군산시,내초동
전라북도,군산시,옥구읍
전라북도,군산시,옥산면
전라북도,군산시,회현면
전라북도,군산시,임피면
전라북도,군산시,서수면
전라북도,군산시,대야면
전라북도,군산시,개정면
전라북도,군산시,성산면
전라북도,군산시,나포면
전라북도,군산시,옥도면
전라북도,군산시,옥서면
전라북도,군산시,중앙로1가동
전라북도,군산시,중앙로2가동
전라북도,군산시,중앙로3가동
전라북도,군산시,흥남동
전라북도,군산시,미성동
전라북도,익산시,창인동
전라북도,익산시,중앙동
전라북도,익산시,평화동
전라북도,익산시,갈산동
전라북도,익산시,주현동
전라북도,익산시,인화동
전라북도,익산시,동산동
전라북도,익산시,마동
전라북도,익산시,남중동
전라북도,익산시,모현동
전라북도,익산시,송학동
전라북도,익산시,목천동
전라북도,익산시,만석동
전라북도,익산시,현영동
전라북도,익산시,신용동
전라북도,익산시,신동
전라북도,익산시,영등동
전라북도,익산시,어양동
전라북도,익산시,신흥동
전라북도,익산시,금강동
전라북도,익산시,석탄동
전라북도,익산시,팔봉동
전라북도,익산시,덕기동
전라북도,익산시,석왕동
전라북도,익산시,은기동
전라북도,익산시,정족동
전라북도,익산시,임상동
전라북도,익산시,월성동
전라북도,익산시,부송동
전라북도,익산시,용제동
전라북도,익산시,석암동
전라북도,익산시,함열읍
전라북도,익산시,오산면
전라북도,익산시,황등면
전라북도,익산시,함라면
전라북도,익산시,웅포면
전라북도,익산시,성당면
전라북도,익산시,용안면
전라북도,익산시,낭산면
전라북도,익산시,망성면
전라북도,익산시,여산면
전라북도,익산시,금마면
전라북도,익산시,왕궁면
전라북도,익산시,춘포면
전라북도,익산시,삼기면
전라북도,익산시,용동면
전라북도,이리시,창인동
전라북도,이리시,중앙동
전라북도,이리시,인화동
전라북도,이리시,남중동
전라북도,이리시,모현동
전라북도,이리시,평화동
전라북도,이리시,갈산동
전라북도,이리시,주현동
전라북도,이리시,동산동
전라북도,이리시,마동
전라북도,이리시,남중1가동
전라북도,이리시,남중2가동
전라북도,이리시,송학동
전라북도,이리시,목천동
전라북도,이리시,만석동
전라북도,이리시,현영동
전라북도,이리시,신용동
전라북도,이리시,신동
전라북도,이리시,영등동
전라북도,이리시,어양동
전라북도,이리시,신흥동
전라북도,이리시,금강동
전라북도,이리시,석탄동
전라북도,이리시,팔봉동
전라북도,이리시,덕기동
전라북도,이리시,석왕동
전라북도,이리시,은기동
전라북도,이리시,정족동
전라북도,이리시,임상동
전라북도,이리시,월성동
전라북도,이리시,부송동
전라북도,이리시,용제동
전라북도,이리시,석암동
전라북도,이리시,계문동
전라북도,이리시,북일동
전라북도,이리시,삼성동
전라북도,정주시,수성동
전라북도,정주시,장명동
전라북도,정주시,상동
전라북도,정주시,시기동
전라북도,정주시,연지동
전라북도,정주시,농소동
전라북도,정주시,하모동
전라북도,정주시,상평동
전라북도,정주시,과교동
전라북도,정주시,삼산동
전라북도,정주시,진산동
전라북도,정주시,금붕동
전라북도,정주시,송산동
전라북도,정주시,신월동
전라북도,정주시,용산동
전라북도,정주시,교암동
전라북도,정주시,부전동
전라북도,정주시,쌍암동
전라북도,정주시,내장동
전라북도,정주시,영파동
전라북도,정주시,하북동
전라북도,정주시,구룡동
전라북도,정주시,흑암동
전라북도,정주시,용계동
전라북도,정주시,공평동
전라북도,정주시,망제동
전라북도,정주시,신정동
전라북도,정주시,정일동
전라북도,정읍시,수성동
전라북도,정읍시,장명동
전라북도,정읍시,상동
전라북도,정읍시,시기동
전라북도,정읍시,연지동
전라북도,정읍시,농소동
전라북도,정읍시,하모동
전라북도,정읍시,상평동
전라북도,정읍시,과교동
전라북도,정읍시,삼산동
전라북도,정읍시,진산동
전라북도,정읍시,금붕동
전라북도,정읍시,송산동
전라북도,정읍시,신월동
전라북도,정읍시,용산동
전라북도,정읍시,교암동
전라북도,정읍시,부전동
전라북도,정읍시,쌍암동
전라북도,정읍시,내장동
전라북도,정읍시,영파동
전라북도,정읍시,하북동
전라북도,정읍시,구룡동
전라북도,정읍시,흑암동
전라북도,정읍시,용계동
전라북도,정읍시,공평동
전라북도,정읍시,망제동
전라북도,정읍시,신정동
전라북도,정읍시,신태인읍
전라북도,정읍시,북면
전라북도,정읍시,입암면
전라북도,정읍시,소성면
전라북도,정읍시,고부면
전라북도,정읍시,영원면
전라북도,정읍시,덕천면
전라북도,정읍시,이평면
전라북도,정읍시,정우면
전라북도,정읍시,태인면
전라북도,정읍시,감곡면
전라북도,정읍시,옹동면
전라북도,정읍시,칠보면
전라북도,정읍시,산내면
전라북도,정읍시,산외면
전라북도,남원시,동충동
전라북도,남원시,하정동
전라북도,남원시,죽항동
전라북도,남원시,쌍교동
전라북도,남원시,천거동
전라북도,남원시,금동
전라북도,남원시,조산동
전라북도,남원시,왕정동
전라북도,남원시,신정동
전라북도,남원시,화정동
전라북도,남원시,향교동
전라북도,남원시,용정동
전라북도,남원시,광치동
전라북도,남원시,내척동
전라북도,남원시,산곡동
전라북도,남원시,도통동
전라북도,남원시,월락동
전라북도,남원시,고죽동
전라북도,남원시,식정동
전라북도,남원시,갈치동
전라북도,남원시,노암동
전라북도,남원시,어현동
전라북도,남원시,신촌동
전라북도,남원시,운봉읍
전라북도,남원시,주천면
전라북도,남원시,수지면
전라북도,남원시,송동면
전라북도,남원시,주생면
전라북도,남원시,금지면
전라북도,남원시,대강면
전라북도,남원시,대산면
전라북도,남원시,사매면
전라북도,남원시,덕과면
전라북도,남원시,보절면
전라북도,남원시,산동면
전라북도,남원시,이백면
전라북도,남원시,운봉면
전라북도,남원시,동면
전라북도,남원시,아영면
전라북도,남원시,산내면
전라북도,남원시,인월면
전라북도,김제시,요촌동
전라북도,김제시,신풍동
전라북도,김제시,용동
전라북도,김제시,검산동
전라북도,김제시,순동
전라북도,김제시,백학동
전라북도,김제시,서암동
전라북도,김제시,신곡동
전라북도,김제시,교동
전라북도,김제시,옥산동
전라북도,김제시,갈공동
전라북도,김제시,하동
전라북도,김제시,흥사동
전라북도,김제시,상동동
전라북도,김제시,월성동
전라북도,김제시,황산동
전라북도,김제시,난봉동
전라북도,김제시,오정동
전라북도,김제시,복죽동
전라북도,김제시,입석동
전라북도,김제시,장화동
전라북도,김제시,신덕동
전라북도,김제시,월봉동
전라북도,김제시,신월동
전라북도,김제시,연정동
전라북도,김제시,명덕동
전라북도,김제시,제월동
전라북도,김제시,도장동
전라북도,김제시,서정동
전라북도,김제시,양전동
전라북도,김제시,만경읍
전라북도,김제시,죽산면
전라북도,김제시,백산면
전라북도,김제시,용지면
전라북도,김제시,백구면
전라북도,김제시,부량면
전라북도,김제시,만경면
전라북도,김제시,공덕면
전라북도,김제시,청하면
전라북도,김제시,성덕면
전라북도,김제시,진봉면
전라북도,김제시,금구면
전라북도,김제시,봉남면
전라북도,김제시,황산면
전라북도,김제시,금산면
전라북도,김제시,광활면
전라북도,김제시,봉황동
전라북도,김제시,서흥동
전라북도,김제시,월촌동
전라북도,완주군,조촌읍
전라북도,완주군,봉동면
전라북도,완주군,조촌면
전라북도,완주군,삼례읍
전라북도,완주군,봉동읍
전라북도,완주군,용진읍
전라북도,완주군,용진면
전라북도,완주군,상관면
전라북도,완주군,이서면
전라북도,완주군,소양면
전라북도,완주군,구이면
전라북도,완주군,고산면
전라북도,완주군,비봉면
전라북도,완주군,운주면
전라북도,완주군,화산면
전라북도,완주군,동상면
전라북도,완주군,경천면
전라북도,진안군,진안면
전라북도,진안군,진안읍
전라북도,진안군,용담면
전라북도,진안군,안천면
전라북도,진안군,동향면
전라북도,진안군,상전면
전라북도,진안군,백운면
전라북도,진안군,성수면
전라북도,진안군,마령면
전라북도,진안군,부귀면
전라북도,진안군,정천면
전라북도,진안군,주천면
전라북도,무주군,무주면
전라북도,무주군,무주읍
전라북도,무주군,무풍면
전라북도,무주군,설천면
전라북도,무주군,적상면
전라북도,무주군,안성면
전라북도,무주군,부남면
전라북도,장수군,장수면
전라북도,장수군,장수읍
전라북도,장수군,산서면
전라북도,장수군,번암면
전라북도,장수군,계내면
전라북도,장수군,장계면
전라북도,장수군,천천면
전라북도,장수군,계남면
전라북도,장수군,계북면
전라북도,임실군,임실면
전라북도,임실군,임실읍
전라북도,임실군,청웅면
전라북도,임실군,운암면
전라북도,임실군,신평면
전라북도,임실군,성수면
전라북도,임실군,둔남면
전라북도,임실군,오수면
전라북도,임실군,신덕면
전라북도,임실군,삼계면
전라북도,임실군,관촌면
전라북도,임실군,강진면
전라북도,임실군,덕치면
전라북도,임실군,지사면
전라북도,남원군,남원읍
전라북도,남원군,주천면
전라북도,남원군,수지면
전라북도,남원군,송동면
전라북도,남원군,주생면
전라북도,남원군,금지면
전라북도,남원군,대강면
전라북도,남원군,대산면
전라북도,남원군,사매면
전라북도,남원군,덕과면
전라북도,남원군,보절면
전라북도,남원군,산동면
전라북도,남원군,이백면
전라북도,남원군,운봉면
전라북도,남원군,동면
전라북도,남원군,아영면
전라북도,남원군,산내면
전라북도,순창군,순창면
전라북도,순창군,순창읍
전라북도,순창군,인계면
전라북도,순창군,동계면
전라북도,순창군,풍산면
전라북도,순창군,금과면
전라북도,순창군,팔덕면
전라북도,순창군,쌍치면
전라북도,순창군,복흥면
전라북도,순창군,적성면
전라북도,순창군,유등면
전라북도,순창군,구림면
전라북도,정읍군,정주읍
전라북도,정읍군,내장면
전라북도,정읍군,신태인읍
전라북도,정읍군,북면
전라북도,정읍군,입암면
전라북도,정읍군,소성면
전라북도,정읍군,고부면
전라북도,정읍군,영원면
전라북도,정읍군,덕천면
전라북도,정읍군,이평면
전라북도,정읍군,정우면
전라북도,정읍군,태인면
전라북도,정읍군,감곡면
전라북도,정읍군,옹동면
전라북도,정읍군,칠보면
전라북도,정읍군,산내면
전라북도,정읍군,산외면
전라북도,고창군,고창읍
전라북도,고창군,고수면
전라북도,고창군,아산면
전라북도,고창군,무장면
전라북도,고창군,공음면
전라북도,고창군,상하면
전라북도,고창군,해리면
전라북도,고창군,성송면
전라북도,고창군,대산면
전라북도,고창군,심원면
전라북도,고창군,흥덕면
전라북도,고창군,성내면
전라북도,고창군,신림면
전라북도,고창군,부안면
전라북도,부안군,산내면
전라북도,부안군,부안읍
전라북도,부안군,주산면
전라북도,부안군,동진면
전라북도,부안군,행안면
전라북도,부안군,계화면
전라북도,부안군,보안면
전라북도,부안군,변산면
전라북도,부안군,진서면
전라북도,부안군,백산면
전라북도,부안군,상서면
전라북도,부안군,하서면
전라북도,부안군,줄포면
전라북도,부안군,위도면
전라북도,김제군,김제읍
전라북도,김제군,월촌면
전라북도,김제군,죽산면
전라북도,김제군,백산면
전라북도,김제군,용지면
전라북도,김제군,백구면
전라북도,김제군,부량면
전라북도,김제군,만경면
전라북도,김제군,공덕면
전라북도,김제군,청하면
전라북도,김제군,성덕면
전라북도,김제군,진봉면
전라북도,김제군,금구면
전라북도,김제군,봉남면
전라북도,김제군,황산면
전라북도,김제군,금산면
전라북도,김제군,광활면
전라북도,옥구군,미면
전라북도,옥구군,옥구면
전라북도,옥구군,미성읍
전라북도,옥구군,옥구읍
전라북도,옥구군,옥산면
전라북도,옥구군,회현면
전라북도,옥구군,임피면
전라북도,옥구군,서수면
전라북도,옥구군,대야면
전라북도,옥구군,개정면
전라북도,옥구군,성산면
전라북도,옥구군,나포면
전라북도,옥구군,옥도면
전라북도,옥구군,옥서면
전라북도,익산군,함열면
전라북도,익산군,팔봉면
전라북도,익산군,북일면
전라북도,익산군,황화면
전라북도,익산군,함열읍
전라북도,익산군,오산면
전라북도,익산군,황등면
전라북도,익산군,함라면
전라북도,익산군,웅포면
전라북도,익산군,성당면
전라북도,익산군,용안면
전라북도,익산군,낭산면
전라북도,익산군,망성면
전라북도,익산군,여산면
전라북도,익산군,금마면
전라북도,익산군,왕궁면
전라북도,익산군,춘포면
전라북도,익산군,삼기면
전라북도,익산군,용동면